h2,sim_id,trait,causal_snp,p_default,p_modified,detected_default,detected_modified,log10p_default,log10p_modified,log10p_ratio
0,1,Trait_null_sim_1,I:62576,0.956251900059765,0.514500143584912,FALSE,FALSE,0.0194276889001283,0.288614499700137,14.8558328879886
0,2,Trait_null_sim_2,I:565394,0.999680203685514,0.889903056552967,FALSE,FALSE,0.000138907987029293,0.0506573015542499,364.682424946287
0,3,Trait_null_sim_3,I:614095,0.672097185102272,0.727531628845916,FALSE,FALSE,0.172567923520676,0.138148121332213,0.800543452767805
0,4,Trait_null_sim_4,I:638641,0.786768001170807,0.785206757918224,FALSE,FALSE,0.104153311688065,0.105015971280432,1.00828259397983
0,5,Trait_null_sim_5,I:680197,0.811006123760222,0.285256042998393,FALSE,FALSE,0.090975866497559,0.544765146513403,5.98801822380027
0,6,Trait_null_sim_6,I:756171,0.968928502442665,0.955548767252712,FALSE,FALSE,0.0137082685015811,0.0197471434511575,1.44052791560655
0,7,Trait_null_sim_7,I:781875,0.326685239259766,0.456710726841954,FALSE,FALSE,0.485870487969786,0.340358787925385,0.700513400901498
0,8,Trait_null_sim_8,I:840826,0.810845480924756,0.282733847843708,FALSE,FALSE,0.0910618993960395,0.54862219627949,6.02471725187132
0,9,Trait_null_sim_9,I:884224,0.994201848031709,0.619939606584877,FALSE,FALSE,0.00252543392561779,0.207650616637969,82.22373768388
0,10,Trait_null_sim_10,I:996230,0.119927515440846,0.165164330307561,FALSE,FALSE,0.921081163580247,0.782083739238695,0.849093185446037
0,11,Trait_null_sim_11,I:1038867,0.983061262864329,0.581771882490409,FALSE,FALSE,0.00741941676106882,0.235247272388282,31.7069764327935
0,12,Trait_null_sim_12,I:1149835,0.875491000846966,0.836057674843116,FALSE,FALSE,0.0577483136611644,0.0777637620321134,1.34659797147305
0,13,Trait_null_sim_13,I:1171021,0.274235972410387,0.528401289428158,FALSE,FALSE,0.561875578012397,0.277036131271646,0.493056011175366
0,14,Trait_null_sim_14,I:1229353,0.266388467404338,0.851515267952131,FALSE,FALSE,0.574484580744502,0.0698075605869775,0.121513375513944
0,15,Trait_null_sim_15,I:1229842,0.706502662964339,0.619910176201007,FALSE,FALSE,0.150886196860662,0.207671234382949,1.37634348736833
0,16,Trait_null_sim_16,I:1235968,0.932725507576718,0.4088340436649,FALSE,FALSE,0.030246146268839,0.38845294760862,12.8430559105251
0,17,Trait_null_sim_17,I:1255890,0.0983738343357729,0.510226304871789,FALSE,FALSE,1.00712040070191,0.292237154965401,0.29017102102363
0,18,Trait_null_sim_18,I:1336302,0.363955354993245,0.253821436899791,FALSE,FALSE,0.438951886321333,0.595471701649766,1.3565762449278
0,19,Trait_null_sim_19,I:1345095,0.898877255386563,0.556686508193288,FALSE,FALSE,0.0462996085423848,0.254389304089522,5.49441587301201
0,20,Trait_null_sim_20,I:1415661,0.98463010610161,0.0443558483609059,FALSE,TRUE,0.00672688934946165,1.35304910991529,201.140384451778
0,21,Trait_null_sim_21,I:1470992,0.951044985231398,0.982466862839376,FALSE,FALSE,0.0217989400807758,0.00768208881889768,0.35240652941986
0,22,Trait_null_sim_22,I:1524519,0.760353707492117,0.109680155291326,FALSE,FALSE,0.118984332091611,0.959871943319581,8.06721293842732
0,23,Trait_null_sim_23,I:1549115,0.487673756130759,0.277909355581452,FALSE,FALSE,0.311870615075373,0.556096832823173,1.78310108725304
0,24,Trait_null_sim_24,I:1588416,0.988265842740163,0.382992701828569,FALSE,FALSE,0.00512621482007276,0.416809501712263,81.3094098359199
0,25,Trait_null_sim_25,I:1698158,0.634913296667887,0.762605036512528,FALSE,FALSE,0.19728557762084,0.117700330819002,0.596598759211928
0,26,Trait_null_sim_26,I:1791409,0.921887451271221,0.20276807460097,FALSE,FALSE,0.035322096598702,0.693000422692169,19.6194589060049
0,27,Trait_null_sim_27,I:1817071,0.917060659456632,0.883569611947582,FALSE,FALSE,0.0376019367443734,0.0537592289599764,1.42969308537068
0,28,Trait_null_sim_28,I:1831933,0.579620171729565,0.803342117328205,FALSE,FALSE,0.236856508779884,0.0950994634066461,0.401506650150889
0,29,Trait_null_sim_29,I:1874811,0.04374494995164,0.695769374123473,TRUE,FALSE,1.35907207600685,0.157534691630258,0.115913419465669
0,30,Trait_null_sim_30,I:1883323,0.819368227197046,0.0606826529269857,FALSE,FALSE,0.0865208807789378,1.21693544096432,14.0652225221055
0,31,Trait_null_sim_31,I:2020957,0.40847328182169,0.760739556588963,FALSE,FALSE,0.388836345341827,0.118764000911191,0.305434413047952
0,32,Trait_null_sim_32,I:2049496,0.92724019056906,0.880649037727037,FALSE,FALSE,0.0328077524498912,0.0551971351139399,1.68244183133987
0,33,Trait_null_sim_33,I:2118471,0.712164434671122,0.365863387333673,FALSE,FALSE,0.147419718687253,0.436681049039036,2.96216173065316
0,34,Trait_null_sim_34,I:2119977,0.683426652349738,0.979767633801271,FALSE,FALSE,0.165308088541767,0.00887691137252373,0.0536991955495321
0,35,Trait_null_sim_35,I:2121257,0.932616768761479,0.421608801997855,FALSE,FALSE,0.0302967800512603,0.375090330861936,12.3805345065484
0,36,Trait_null_sim_36,I:2230008,0.142030923862494,0.709820997930948,FALSE,FALSE,0.847617088006412,0.148851157495248,0.175611322142343
0,37,Trait_null_sim_37,I:2235141,0.791495394989998,0.515594674175329,FALSE,FALSE,0.10155160756884,0.287691577331459,2.83295936144031
0,38,Trait_null_sim_38,I:2273828,0.483009312737747,0.716857252648726,FALSE,FALSE,0.316044495684047,0.144567316520495,0.457427098066027
0,39,Trait_null_sim_39,I:2404696,0.884394964716424,0.618974256122257,FALSE,FALSE,0.0533537387325111,0.208327413429877,3.90464507978206
0,40,Trait_null_sim_40,I:2439528,0.635307981250061,0.888696657439493,FALSE,FALSE,0.19701568867373,0.0512464532944437,0.260113565774505
0,41,Trait_null_sim_41,I:2608841,0.303293492624241,0.468416105342734,FALSE,FALSE,0.518136907683738,0.329368181188843,0.635677899613907
0,42,Trait_null_sim_42,I:2752409,0.701062933485682,0.306279172782465,FALSE,FALSE,0.15424299424624,0.513882534545631,3.33164262699186
0,43,Trait_null_sim_43,I:2819038,0.342066293346937,0.429284924374308,FALSE,FALSE,0.465889718374532,0.367254362804072,0.78828604349846
0,44,Trait_null_sim_44,I:2930538,0.409701664738484,0.956560059050841,FALSE,FALSE,0.387532271376932,0.019287756953453,0.0497707117007885
0,45,Trait_null_sim_45,I:2948602,0.780369193698715,0.693518608769093,FALSE,FALSE,0.107699883396857,0.158941881270862,1.47578508219165
0,46,Trait_null_sim_46,I:3027318,0.719955440437026,0.526778216685621,FALSE,FALSE,0.142694382139802,0.278372192269161,1.95082797300619
0,47,Trait_null_sim_47,I:3054046,0.394723409736902,0.319222838010907,FALSE,FALSE,0.403707116274674,0.495906045681861,1.22838073863542
0,48,Trait_null_sim_48,I:3114218,0.868690266069484,0.613674537753653,FALSE,FALSE,0.0611350448574461,0.212061895849995,3.46874524005795
0,49,Trait_null_sim_49,I:3133343,0.928902174854818,0.592015063920177,FALSE,FALSE,0.0320300202988932,0.227667242442326,7.10793313016392
0,50,Trait_null_sim_50,I:3136939,0.998381503458343,0.768452950045806,FALSE,FALSE,0.000703473555468305,0.114382717833732,162.597039994755
0,51,Trait_null_sim_51,I:3143828,0.284490032576634,0.930853260764036,FALSE,FALSE,0.545932944990519,0.0311187755849537,0.0570010948606411
0,52,Trait_null_sim_52,I:3150569,0.080536671155198,0.349538710790787,FALSE,FALSE,1.09400632517316,0.456504719913002,0.417277952977782
0,53,Trait_null_sim_53,I:3190585,0.285439402875648,0.954589150884649,FALSE,FALSE,0.544486075824438,0.0201835057938952,0.0370689108318045
0,54,Trait_null_sim_54,I:3262101,0.188850760392762,0.911811164968868,FALSE,FALSE,0.723881262180296,0.040095094241226,0.0553890483647298
0,55,Trait_null_sim_55,I:3266089,0.252770819578126,0.374113648659505,FALSE,FALSE,0.59727306341048,0.426996447296633,0.714909935597041
0,56,Trait_null_sim_56,I:3294094,0.925393426891265,0.736052384182902,FALSE,FALSE,0.0336735896372789,0.133091276216849,3.95239348256202
0,57,Trait_null_sim_57,I:3313010,0.96517481427789,0.641047607276132,FALSE,FALSE,0.0153940192983166,0.193109716488094,12.5444637132039
0,58,Trait_null_sim_58,I:3452865,0.844942426291165,0.0852136161883251,FALSE,FALSE,0.0731728825247516,1.06949100425938,14.6159474296726
0,59,Trait_null_sim_59,I:3463734,0.362299477273744,0.977915798153041,FALSE,FALSE,0.440932292565774,0.00969853782158714,0.0219955262635712
0,60,Trait_null_sim_60,I:3611634,0.302030989482486,0.374769633262684,FALSE,FALSE,0.519948494556861,0.426235606260077,0.819765055043282
0,61,Trait_null_sim_61,I:3631224,0.704605196554007,0.624277653046423,FALSE,FALSE,0.152054158165268,0.204622211011893,1.34571927187607
0,62,Trait_null_sim_62,I:3740083,0.49506100486543,0.0671915670963985,FALSE,FALSE,0.305341280977611,1.17268522982287,3.84057218227515
0,63,Trait_null_sim_63,I:4012008,0.993359424512467,0.3195169712169,FALSE,FALSE,0.00289358348940211,0.495506069242343,171.243052449379
0,64,Trait_null_sim_64,I:4209517,0.810505506690956,0.690722034937472,FALSE,FALSE,0.0912440301462846,0.160696689210142,1.76117482921906
0,65,Trait_null_sim_65,I:4233867,0.0473867524930073,0.361855523697581,TRUE,FALSE,1.32434305333254,0.441464793514453,0.33334625224451
0,66,Trait_null_sim_66,I:4251001,0.00890970469120926,0.714596812710838,TRUE,FALSE,2.05013669025085,0.145938925196526,0.0711849731242405
0,67,Trait_null_sim_67,I:4255551,0.650011962894328,0.51238513553348,FALSE,FALSE,0.187078650478398,0.290403477774783,1.55230688821072
0,68,Trait_null_sim_68,I:4451412,0.957902846538575,0.0171708224064075,FALSE,TRUE,0.0186785361738619,1.76520890355713,94.5046703406717
0,69,Trait_null_sim_69,I:4577448,0.987967512738124,0.655029212939566,FALSE,FALSE,0.00525733605056559,0.18373933094632,34.9491318757441
0,70,Trait_null_sim_70,I:4604539,0.949412370265413,0.766618204240058,FALSE,FALSE,0.0225451139879884,0.115420872132104,5.11955149987698
0,71,Trait_null_sim_71,I:4764610,0.740637266119101,0.350919222319383,FALSE,FALSE,0.130394439649917,0.454792841762965,3.48782389022102
0,72,Trait_null_sim_72,I:5489082,0.687800020350147,0.906493811737414,FALSE,FALSE,0.162537815664403,0.0426351563091971,0.262309150242472
0,73,Trait_null_sim_73,I:5669015,0.996616911282089,0.506607829738322,FALSE,FALSE,0.00147174769458273,0.295328102374387,200.664898923533
0,74,Trait_null_sim_74,I:5669164,0.804270702516809,0.878109133166462,FALSE,FALSE,0.0945977512241357,0.0564515057492117,0.596753147074902
0,75,Trait_null_sim_75,I:6099423,0.838005722961768,0.249096411299602,FALSE,FALSE,0.0767530154482089,0.603632529243931,7.86460995335418
0,76,Trait_null_sim_76,I:6261560,0.853826310448293,0.485468030855767,FALSE,FALSE,0.0686304666479587,0.313839364067136,4.57288693193624
0,77,Trait_null_sim_77,I:6280082,0.809560822556412,0.394738033831282,FALSE,FALSE,0.0917505170053323,0.403691026411022,4.39987740219012
0,78,Trait_null_sim_78,I:6688167,0.940057017539592,0.607225797718983,FALSE,FALSE,0.0268458042174918,0.21664978591198,8.07015443295298
0,79,Trait_null_sim_79,I:6802432,0.948982871022954,0.413788610971021,FALSE,FALSE,0.0227416264424101,0.383221466933958,16.8511020047054
0,80,Trait_null_sim_80,I:6881233,0.811357230398714,0.181585382004125,FALSE,FALSE,0.0907878892757532,0.740919116004759,8.16099065542035
0,81,Trait_null_sim_81,I:7045340,0.755563204113183,0.754068741240588,FALSE,FALSE,0.12172920035279,0.122589061848162,1.00706372417531
0,82,Trait_null_sim_82,I:8053104,0.521498166046605,0.878538906505047,FALSE,FALSE,0.282747214518831,0.056239000809206,0.198902050741371
0,83,Trait_null_sim_83,I:8220239,0.08214688242849,0.978591367535988,FALSE,FALSE,1.08540891390628,0.00939861960818909,0.00865905880058084
0,84,Trait_null_sim_84,I:8258274,0.00134155057760357,0.241220499013732,TRUE,FALSE,2.87239294941018,0.617585788446216,0.215007416924983
0,85,Trait_null_sim_85,I:8375744,0.910997165705447,0.389637952829488,FALSE,FALSE,0.0404829742019737,0.409338747117751,10.1113802823755
0,86,Trait_null_sim_86,I:8435194,0.948541238593735,0.378610474726856,FALSE,FALSE,0.0229437830627455,0.421807374912254,18.3843864701264
0,87,Trait_null_sim_87,I:8839955,0.882667704895475,0.212641769637365,FALSE,FALSE,0.0542027631172829,0.672351422121129,12.4043754128606
0,88,Trait_null_sim_88,I:8904178,0.872670870484816,0.351473242219963,FALSE,FALSE,0.0591495204224644,0.45410773237546,7.67728510953395
0,89,Trait_null_sim_89,I:9940147,0.873441932435325,0.673132704966831,FALSE,FALSE,0.0587659621878324,0.17189930820782,2.92515091743724
0,90,Trait_null_sim_90,I:10063567,0.502626080978413,0.477733503825187,FALSE,FALSE,0.298754979867735,0.320814300236074,1.07383749846816
0,91,Trait_null_sim_91,I:10080380,0.6617041544441,0.289604109004731,FALSE,FALSE,0.179336138672886,0.538195280508658,3.00104197899755
0,92,Trait_null_sim_92,I:10467951,0.841942756282226,0.644584425440057,FALSE,FALSE,0.0747174351937845,0.19072019219501,2.55255271678377
0,93,Trait_null_sim_93,I:10584033,0.97722268398557,0.337470553695134,FALSE,FALSE,0.0100064604302635,0.471764115945934,47.1459532802561
0,94,Trait_null_sim_94,I:10713170,0.758572835969108,0.175032741040799,FALSE,FALSE,0.120002713175471,0.756880706037335,6.30719661255163
0,95,Trait_null_sim_95,I:11130453,0.932629541878962,0.45167155694987,FALSE,FALSE,0.0302908319955979,0.345177257343528,11.3954366586461
0,96,Trait_null_sim_96,I:11132481,0.994202402238356,0.702356718784096,FALSE,FALSE,0.00252519183310732,0.153442258736893,60.7645948815216
0,97,Trait_null_sim_97,I:11156249,0.515927311028676,0.905644006093748,FALSE,FALSE,0.28741148178921,0.0430424828658833,0.149759093122978
0,98,Trait_null_sim_98,I:11177417,0.00353500358627997,0.927484572401825,TRUE,FALSE,2.45161014127279,0.0326933056228685,0.0133354423170624
0,99,Trait_null_sim_99,I:11332514,0.436147154677662,0.483217137316495,FALSE,FALSE,0.360366956414844,0.315857671841374,0.876488996060359
0,100,Trait_null_sim_100,I:11366973,0.737661496730561,0.740632113731783,FALSE,FALSE,0.132142884555519,0.130397460914532,0.98679139140289
0,101,Trait_null_sim_101,I:11523341,0.572837220211978,0.340516223454564,FALSE,FALSE,0.241968771413331,0.46786219186001,1.93356435678556
0,102,Trait_null_sim_102,I:11555190,0.530731167692666,0.49899486699504,FALSE,FALSE,0.275125407265141,0.301903921805859,1.09733203053439
0,103,Trait_null_sim_103,I:11595005,0.0187854629336476,0.792179253479394,TRUE,FALSE,1.72617809806925,0.10117653559671,0.0586130340257921
0,104,Trait_null_sim_104,I:11598685,0.490750521421493,0.081609830741135,FALSE,FALSE,0.309139230290653,1.08825752287029,3.52028282482011
0,105,Trait_null_sim_105,I:11607099,0.971123307822432,0.924787122953353,FALSE,FALSE,0.0127256222991499,0.0339582261437422,2.66849238060528
0,106,Trait_null_sim_106,I:11814691,0.595391607863198,0.529119978235949,FALSE,FALSE,0.225197291094047,0.276445840294009,1.22757178361688
0,107,Trait_null_sim_107,I:11836035,0.699153560169311,0.633245560721804,FALSE,FALSE,0.155427426529291,0.198427846086616,1.2766591490159
0,108,Trait_null_sim_108,I:11859127,0.274917621264736,0.113749707705808,FALSE,FALSE,0.560797422496385,0.944049710643753,1.6834059372836
0,109,Trait_null_sim_109,I:11943491,0.00771149422193013,0.728384720429884,TRUE,FALSE,2.11286146248542,0.137639173122296,0.0651434916894111
0,110,Trait_null_sim_110,I:11952558,0.930398669624674,0.8341264404577,FALSE,FALSE,0.0313309192760353,0.0787681121549111,2.51406961477699
0,111,Trait_null_sim_111,I:12035065,0.701998083309693,0.188884105252797,FALSE,FALSE,0.15366407363823,0.723804586765513,4.71030455999469
0,112,Trait_null_sim_112,I:12148188,0.477611137929832,0.284555864655428,FALSE,FALSE,0.320925553978637,0.545832459216633,1.70080709513387
0,113,Trait_null_sim_113,I:12174150,0.516698592105124,0.6751035537726,FALSE,FALSE,0.286762721813751,0.170629605861323,0.595020178292717
0,114,Trait_null_sim_114,I:12187278,0.190484815069774,0.884121183541218,FALSE,FALSE,0.720139639380777,0.0534882036111132,0.0742747665676421
0,115,Trait_null_sim_115,I:12243164,0.74668035185245,0.663187414853503,FALSE,FALSE,0.126865276546834,0.178363723880487,1.4059302019859
0,116,Trait_null_sim_116,I:12330942,0.613656523147498,0.646511735140574,FALSE,FALSE,0.21207464488617,0.189423587627298,0.893192996876029
0,117,Trait_null_sim_117,I:12342666,0.749133439952785,0.322182773468801,FALSE,FALSE,0.12544081638136,0.491897684237864,3.92135270183842
0,118,Trait_null_sim_118,I:12408469,0.367171402407933,0.828866813724971,FALSE,FALSE,0.435131151708492,0.0815152483535031,0.187334894395501
0,119,Trait_null_sim_119,I:12460428,0.948366231569265,0.819372199544563,FALSE,FALSE,0.0230239183212469,0.086518775297705,3.75777806759608
0,120,Trait_null_sim_120,I:12476102,0.976286126538449,0.889407110434087,FALSE,FALSE,0.0104228821635482,0.0508994028723056,4.88342879384317
0,121,Trait_null_sim_121,I:12489157,0.297841433308064,0.147979545471199,FALSE,FALSE,0.526014886820939,0.829798310976043,1.57751868201121
0,122,Trait_null_sim_122,I:12550467,0.962594846008203,0.272501360080689,FALSE,FALSE,0.0165564679819405,0.564631325776094,34.1033683266253
0,123,Trait_null_sim_123,I:12559875,0.288775646998737,0.719241054179437,FALSE,FALSE,0.539439434440406,0.143125531098627,0.265322707167488
0,124,Trait_null_sim_124,I:12566623,0.126391321830373,0.833679917352393,FALSE,FALSE,0.898282744175208,0.0790006601655388,0.0879463183255025
0,125,Trait_null_sim_125,I:12612617,0.761043246058365,0.611157407614392,FALSE,FALSE,0.118590663872167,0.213846919947072,1.80323570983281
0,126,Trait_null_sim_126,I:12622167,0.539040635372589,0.379153664229354,FALSE,FALSE,0.268378494455403,0.421184742534074,1.56936845252354
0,127,Trait_null_sim_127,I:12864995,0.966006022712425,0.160457912416828,FALSE,FALSE,0.0150201659006365,0.794638862337623,52.9047992941244
0,128,Trait_null_sim_128,I:12987241,0.982174999393315,0.0546485193203874,FALSE,FALSE,0.00781112473884092,1.26242160058888,161.618415119076
0,129,Trait_null_sim_129,I:13005671,0.711205178381781,0.974115993905953,FALSE,FALSE,0.148005089869051,0.011389325961311,0.0769522586783186
0,130,Trait_null_sim_130,I:13193629,0.659782347314056,0.844663238815868,FALSE,FALSE,0.180599308321828,0.0733164066422959,0.405961724458248
0,131,Trait_null_sim_131,I:13248932,0.560134226090855,0.460024492845188,FALSE,FALSE,0.251707889662522,0.337219044787266,1.33972377758756
0,132,Trait_null_sim_132,I:13286571,0.994008730380824,0.727321437261293,FALSE,FALSE,0.00260980117656402,0.138273611731355,52.9824313718034
0,133,Trait_null_sim_133,I:13309905,0.412376457557554,0.731824680928347,FALSE,FALSE,0.384706136416387,0.135592947937358,0.352458500403536
0,134,Trait_null_sim_134,I:13342241,0.973656748635872,0.141100539816235,FALSE,FALSE,0.0115941216091562,0.85047132473776,73.3536660566089
0,135,Trait_null_sim_135,I:13355904,0.931611000918408,0.638146563907285,FALSE,FALSE,0.0307653917453945,0.195079564874267,6.34087699869677
0,136,Trait_null_sim_136,I:13384845,0.85617380597569,0.532600551924342,FALSE,FALSE,0.0674380632270469,0.273598387845309,4.05703210847222
0,137,Trait_null_sim_137,I:13388887,0.579201411566164,0.0662748656663924,FALSE,FALSE,0.237170388394734,1.17865114387256,4.96963871354324
0,138,Trait_null_sim_138,I:13417894,0.979736631259682,0.928027053520853,FALSE,FALSE,0.0088906538613546,0.032439363195398,3.64870387502135
0,139,Trait_null_sim_139,I:13426483,0.988736408695825,0.555634951822878,FALSE,FALSE,0.00491947332382373,0.255210443088536,51.8775946710836
0,140,Trait_null_sim_140,I:13594945,0.77919012774892,0.198994096611458,FALSE,FALSE,0.108356558556711,0.701159807244047,6.47085710900536
0,141,Trait_null_sim_141,I:13618258,0.585709203906746,0.54546691540009,FALSE,FALSE,0.232317951361309,0.263231585854591,1.13306606016513
0,142,Trait_null_sim_142,I:13636453,0.635391355297157,0.000264230197391864,FALSE,TRUE,0.196958698184166,3.57801755079707,18.1663342811672
0,143,Trait_null_sim_143,I:13671576,0.96840500540474,0.388825532735066,FALSE,FALSE,0.0139429744822252,0.410245224296532,29.4230778962926
0,144,Trait_null_sim_144,I:13829361,0.894226196520522,0.0222562800333427,FALSE,TRUE,0.0485526115450833,1.65254742293028,34.0362211288227
0,145,Trait_null_sim_145,I:13854214,0.233253077544457,0.723000032753219,FALSE,FALSE,0.632172617456025,0.140861683031137,0.222821550857406
0,146,Trait_null_sim_146,I:13881779,0.652656595190967,0.105197929433494,FALSE,FALSE,0.185315269019759,0.977992808133397,5.27745400207211
0,147,Trait_null_sim_147,I:13890264,0.559137907918868,0.969850487540866,FALSE,FALSE,0.252481062844361,0.0132952115489336,0.0526582524612124
0,148,Trait_null_sim_148,I:14002675,0.434385165909765,0.984731876658744,FALSE,FALSE,0.362125014159389,0.00668200334901063,0.0184522004493994
0,149,Trait_null_sim_149,I:14251060,0.450301095610331,0.861396067976141,FALSE,FALSE,0.346496996370529,0.0647971149975678,0.187006281948478
0,150,Trait_null_sim_150,I:14421389,0.0901891800479223,0.786659413975738,FALSE,FALSE,1.0448455614308,0.104213255755703,0.0997403440303603
0,151,Trait_null_sim_151,I:14540289,0.2799437122789,0.99529504350385,FALSE,FALSE,0.552929282601019,0.00204815867980565,0.00370419643931855
0,152,Trait_null_sim_152,I:14589894,0.58760652894439,0.556235150206222,FALSE,FALSE,0.230913387373326,0.254741570203518,1.10319099772101
0,153,Trait_null_sim_153,I:14627382,0.498633719967814,0.525377864555426,FALSE,FALSE,0.302218355794582,0.279528229045088,0.924921414221057
0,154,Trait_null_sim_154,I:14656974,0.333358917672003,0.479870701380292,FALSE,FALSE,0.477087922587495,0.31887576521094,0.668379454004015
0,155,Trait_null_sim_155,I:14671013,0.237650618071744,0.630183404496526,FALSE,FALSE,0.624061051872911,0.200533037897155,0.321335608584004
0,156,Trait_null_sim_156,I:14696648,0.526673813098005,0.0405204218217062,FALSE,TRUE,0.278458274788077,1.39232604223856,5.00012450087254
0,157,Trait_null_sim_157,I:14700447,0.0365434705734881,0.887162894386093,TRUE,FALSE,1.43719020960143,0.0519966308584038,0.0361793661764671
0,158,Trait_null_sim_158,I:14700450,0.899599342400669,0.235472857372137,FALSE,FALSE,0.0459508707017957,0.628059146169336,13.6680575705564
0,159,Trait_null_sim_159,I:14734758,0.576916331008051,0.100913843564919,FALSE,FALSE,0.23888716711519,0.996049252281883,4.16953854955966
0,160,Trait_null_sim_160,I:14844044,0.521576279664941,0.219046850781949,FALSE,FALSE,0.282682167745597,0.659462986255965,2.33287791555871
0,161,Trait_null_sim_161,I:14881596,0.93193083636488,0.914783062245818,FALSE,FALSE,0.0306163177958814,0.0386818852122904,1.26344015208433
0,162,Trait_null_sim_162,I:14918122,0.470899583766867,0.275098257668656,FALSE,FALSE,0.327071693434603,0.560512160200227,1.71372873731215
0,163,Trait_null_sim_163,I:14967529,0.95885547989638,0.230540974290002,FALSE,FALSE,0.0182468453978983,0.637251875798845,34.9239477785154
0,164,Trait_null_sim_164,I:14984035,0.88042462781665,0.275117224824418,FALSE,FALSE,0.0553078175779389,0.560482217999944,10.13386972303
0,165,Trait_null_sim_165,II:7078,0.836152592071396,0.0343212837282969,FALSE,TRUE,0.0777144595857173,1.46443647648507,18.8438095599164
0,166,Trait_null_sim_166,II:9049,0.982031263043114,0.83200391289702,FALSE,FALSE,0.00787468619371105,0.0798746312265981,10.1432145055365
0,167,Trait_null_sim_167,II:147624,0.982316767973489,0.217433116385354,FALSE,FALSE,0.00774844255996237,0.662674309522441,85.5235493319137
0,168,Trait_null_sim_168,II:161589,0.985218532689032,0.995014916864861,FALSE,FALSE,0.00646742735579216,0.00217040843665023,0.3355906942977
0,169,Trait_null_sim_169,II:192197,0.973070366498186,0.196576224445995,FALSE,FALSE,0.011855753075021,0.706469010493275,59.5887082012313
0,170,Trait_null_sim_170,II:367685,0.728454467181768,0.99533926981098,FALSE,FALSE,0.137597589082335,0.00202886107098188,0.0147448882245158
0,171,Trait_null_sim_171,II:746631,0.760534215095969,0.469361595688363,FALSE,FALSE,0.118881243026995,0.3284924483185,2.76319829734542
0,172,Trait_null_sim_172,II:790866,0.793933925801742,0.593553044203165,FALSE,FALSE,0.100215639706087,0.226540463271592,2.26053003239805
0,173,Trait_null_sim_173,II:801795,0.973337197840929,0.427392893339261,FALSE,FALSE,0.0117366789585808,0.369172703531808,31.4546137654982
0,174,Trait_null_sim_174,II:1166080,0.853422337371485,0.0391578152205971,FALSE,TRUE,0.0688359941574908,1.40718154731089,20.442525230207
0,175,Trait_null_sim_175,II:1235444,0.193905138258944,0.669518708289727,FALSE,FALSE,0.712410682473954,0.174237283038116,0.244574214458788
0,176,Trait_null_sim_176,II:1263089,0.284709750441219,0.690163487286652,FALSE,FALSE,0.545597659335987,0.161048020543487,0.295177257064278
0,177,Trait_null_sim_177,II:1398458,0.930071585524833,0.575796370031307,FALSE,FALSE,0.0314836234869731,0.239731077353633,7.61446907319377
0,178,Trait_null_sim_178,II:1441754,0.81299360721961,0.302035595379045,FALSE,FALSE,0.0899128693630817,0.519941871725836,5.78273027441969
0,179,Trait_null_sim_179,II:1492480,0.817547939782233,0.737046084641274,FALSE,FALSE,0.0874867715454144,0.132505356537578,1.51457590898521
0,180,Trait_null_sim_180,II:1614174,0.999102576334757,0.717400655452051,FALSE,FALSE,0.000389921134152226,0.144238230867358,369.916422152812
0,181,Trait_null_sim_181,II:1665391,0.83744100648462,0.027835173855052,FALSE,TRUE,0.0770457770798887,1.55540606179897,20.1880767609907
0,182,Trait_null_sim_182,II:1667467,0.988319781876455,0.834526161930514,FALSE,FALSE,0.00510251185576449,0.0785600438811272,15.3963471525059
0,183,Trait_null_sim_183,II:1729418,0.00546420513703353,0.301918043411065,TRUE,FALSE,2.26247300474941,0.520110931628439,0.229886027606348
0,184,Trait_null_sim_184,II:2233737,0.158123716046097,0.583199629181688,FALSE,FALSE,0.801002987907674,0.23418276082931,0.292361906715263
0,185,Trait_null_sim_185,II:2338271,0.782270225646546,0.428474842687946,FALSE,FALSE,0.106643199325096,0.368074671996422,3.45145939287106
0,186,Trait_null_sim_186,II:2477391,0.880770539459654,0.861613808286384,FALSE,FALSE,0.0551372203352188,0.064687349618933,1.1732065785263
0,187,Trait_null_sim_187,II:2477459,0.519787552060972,0.810807552600085,FALSE,FALSE,0.28417412525048,0.0910822145457975,0.320515509515565
0,188,Trait_null_sim_188,II:2529034,0.226825799546503,0.670700917255954,FALSE,FALSE,0.644307549587586,0.173471099714326,0.269236484696419
0,189,Trait_null_sim_189,II:2559264,0.932651755270137,0.586099547498536,FALSE,FALSE,0.0302804880831522,0.232028613917758,7.66264444881443
0,190,Trait_null_sim_190,II:2698394,0.395066006040409,0.372758868665408,FALSE,FALSE,0.403330338134848,0.428572015033574,1.06258313474621
0,191,Trait_null_sim_191,II:2706699,0.671342717116208,0.573776783987297,FALSE,FALSE,0.173055718050266,0.241257028049214,1.39410029768065
0,192,Trait_null_sim_192,II:2714783,0.855298877741751,0.761837110469289,FALSE,FALSE,0.0678820978187491,0.118137875886827,1.74033920109931
0,193,Trait_null_sim_193,II:2718674,0.769357446133153,0.530968140925638,FALSE,FALSE,0.113871838591517,0.2749315366121,2.41439446322053
0,194,Trait_null_sim_194,II:2738610,0.84995348728137,0.0776105985378918,FALSE,FALSE,0.0706048398971731,1.1100789672441,15.7224202881954
0,195,Trait_null_sim_195,II:2746840,0.951726622117629,0.302706045728561,FALSE,FALSE,0.0214877822414727,0.518978905107738,24.1522786891463
0,196,Trait_null_sim_196,II:2752779,0.780380822166119,0.226760073360665,FALSE,FALSE,0.107693411919458,0.644433411179538,5.98396317558866
0,197,Trait_null_sim_197,II:2796420,0.347963416685246,0.827313990438727,FALSE,FALSE,0.458466413429543,0.0823296313973152,0.179576145570732
0,198,Trait_null_sim_198,II:2828350,0.415120831809134,0.668715331095226,FALSE,FALSE,0.381825472083425,0.174758719967837,0.457692670460849
0,199,Trait_null_sim_199,II:2863427,0.810450539515712,0.838747736535278,FALSE,FALSE,0.0912734842958399,0.0763686388188562,0.836701254565088
0,200,Trait_null_sim_200,II:2871390,0.907501018514191,0.01720909459229,FALSE,TRUE,0.0421528788705334,1.76424197824397,41.8534160777628
0,201,Trait_null_sim_201,II:2888707,0.957917142340831,0.619358339596452,FALSE,FALSE,0.0186720547840963,0.208058010299638,11.1427484926216
0,202,Trait_null_sim_202,II:2951849,0.767368375262194,0.826920487474538,FALSE,FALSE,0.114996102886111,0.082536248018435,0.717730826932257
0,203,Trait_null_sim_203,II:3050463,0.843683251766256,0.770865490185559,FALSE,FALSE,0.0738205721298356,0.113021396224677,1.53102845133596
0,204,Trait_null_sim_204,II:3281716,0.755487273218475,0.0328170733715431,FALSE,TRUE,0.121772847297879,1.48390015196247,12.1858048398308
0,205,Trait_null_sim_205,II:3420306,0.232149549440847,0.292818526345324,FALSE,FALSE,0.634232154881907,0.533401449351997,0.841019247047347
0,206,Trait_null_sim_206,II:3421206,0.866605296091556,0.369932733939654,FALSE,FALSE,0.0621786611863541,0.431877237918516,6.94574681536078
0,207,Trait_null_sim_207,II:3421235,0.473121694529276,0.820924724833098,FALSE,FALSE,0.325027137349163,0.0856966639382949,0.263660027397142
0,208,Trait_null_sim_208,II:3494341,0.715212743781486,0.89559267111357,FALSE,FALSE,0.145564755810755,0.0478894690322194,0.3289908244993
0,209,Trait_null_sim_209,II:3556343,0.972771901824556,0.669137100960916,FALSE,FALSE,0.0119889823340698,0.17448488957073,14.5537698454093
0,210,Trait_null_sim_210,II:3557188,0.89878324485974,0.950008378529906,FALSE,FALSE,0.0463450323062955,0.0222725644656166,0.48058148537726
0,211,Trait_null_sim_211,II:3567121,0.910006628697993,0.878090904623651,FALSE,FALSE,0.040955444166296,0.0564605213002715,1.37858403075836
0,212,Trait_null_sim_212,II:3608662,0.324166203483598,0.212835542204592,FALSE,FALSE,0.489232265260718,0.671955845858109,1.37349045345571
0,213,Trait_null_sim_213,II:3656025,0.18771130624314,0.919168931274835,FALSE,FALSE,0.726509568129176,0.0366046636103864,0.0503842829002879
0,214,Trait_null_sim_214,II:3781043,0.502091768636849,0.756617966679606,FALSE,FALSE,0.299216898452178,0.121123350147204,0.404801168562886
0,215,Trait_null_sim_215,II:3802671,0.665751058263409,0.902806376077438,FALSE,FALSE,0.176688134543405,0.0444053823751028,0.251320681435992
0,216,Trait_null_sim_216,II:3973552,0.0611467823596067,0.92932599268814,FALSE,FALSE,1.21362639128892,0.0318319157251379,0.0262287603117556
0,217,Trait_null_sim_217,II:4273421,0.980299667515757,0.348279747296144,FALSE,FALSE,0.00864114465991414,0.458071779326603,53.0105440141022
0,218,Trait_null_sim_218,II:4657647,0.2384014204576,0.0930921423400932,FALSE,FALSE,0.622691161284739,1.0310869751127,1.65585612775579
0,219,Trait_null_sim_219,II:4854344,0.605388427565294,0.544216055526331,FALSE,FALSE,0.217965885151119,0.264228649760172,1.21224773123087
0,220,Trait_null_sim_220,II:4910711,0.32228399954598,0.627257385300826,FALSE,FALSE,0.491761255397944,0.202554216619149,0.4118954358355
0,221,Trait_null_sim_221,II:4928198,0.735790138931808,0.27487147346482,FALSE,FALSE,0.1332460368857,0.560870329489611,4.20928338732303
0,222,Trait_null_sim_222,II:5042212,0.869134642637884,0.670403407186142,FALSE,FALSE,0.0609129392876816,0.173663787160626,2.85101637175053
0,223,Trait_null_sim_223,II:5067883,0.967108855636754,0.457365122754441,FALSE,FALSE,0.0145246399380334,0.339736956416649,23.3903874978017
0,224,Trait_null_sim_224,II:5224982,0.0526762353054463,0.946238253639603,FALSE,FALSE,1.27838527100134,0.023999498679365,0.0187732909818075
0,225,Trait_null_sim_225,II:5473175,0.850732932635166,0.448089524100721,FALSE,FALSE,0.07020675494061,0.348635209352817,4.96583568985262
0,226,Trait_null_sim_226,II:5519475,0.681308515718919,0.300759291759283,FALSE,FALSE,0.166656182752041,0.521780946540244,3.13088262267819
0,227,Trait_null_sim_227,II:5675103,0.219767723551795,0.966341093190556,FALSE,FALSE,0.658036090405011,0.014869551903843,0.0225968637900864
0,228,Trait_null_sim_228,II:5765910,0.252983916807013,0.612184721576813,FALSE,FALSE,0.596907087772752,0.213117513382398,0.357036325666037
0,229,Trait_null_sim_229,II:5779759,0.827297342840417,0.203325499507964,FALSE,FALSE,0.0823383705615381,0.691808152099075,8.40201412028224
0,230,Trait_null_sim_230,II:5908284,0.366598767180544,0.637898019598667,FALSE,FALSE,0.435808999841853,0.195248746146618,0.448014488497186
0,231,Trait_null_sim_231,II:6187180,0.875868428869203,0.823244222865206,FALSE,FALSE,0.0575611277447506,0.0844713082766263,1.46750613801742
0,232,Trait_null_sim_232,II:7433745,0.232228368135488,0.796983983814872,FALSE,FALSE,0.634084729592347,0.0985504060953721,0.155421509927751
0,233,Trait_null_sim_233,II:7472293,0.199831653096697,0.713295576850832,FALSE,FALSE,0.699335718930671,0.146730469033056,0.209814063633725
0,234,Trait_null_sim_234,II:7670509,0.895453101119216,0.296199328362934,FALSE,FALSE,0.0479571551622443,0.528415930583893,11.0185003425705
0,235,Trait_null_sim_235,II:7777606,0.993883767118714,0.341601167193229,FALSE,FALSE,0.00266440257509503,0.466480654069939,175.07889326871
0,236,Trait_null_sim_236,II:7931319,0.672772635196797,0.401377621279165,FALSE,FALSE,0.172131681634524,0.396446845166682,2.30316023989373
0,237,Trait_null_sim_237,II:8238098,0.129576278509637,0.877276782841092,FALSE,FALSE,0.887474497349006,0.0568633641070961,0.0640732373459225
0,238,Trait_null_sim_238,II:8890231,0.701507988674991,0.819134312177034,FALSE,FALSE,0.153967378922561,0.0866448818111906,0.562748306930451
0,239,Trait_null_sim_239,II:9039425,0.713602165545274,0.175227336626173,FALSE,FALSE,0.1465438406906,0.756398140064136,5.16158261240833
0,240,Trait_null_sim_240,II:9087621,0.744150973952781,0.463496834522928,FALSE,FALSE,0.128338945498482,0.333953227547358,2.60211914824645
0,241,Trait_null_sim_241,II:9259026,0.966496217247971,0.754301441703646,FALSE,FALSE,0.0147998414094038,0.122455062212016,8.27407935156715
0,242,Trait_null_sim_242,II:9308993,0.954228640608439,0.634821313703037,FALSE,FALSE,0.0203475524893804,0.197348500524267,9.69888150563883
0,243,Trait_null_sim_243,II:9351835,0.905346528833926,0.4727899952748,FALSE,FALSE,0.0431851591870486,0.325331722149896,7.53341491091375
0,244,Trait_null_sim_244,II:9397562,0.985801671231369,0.102629742432527,FALSE,FALSE,0.00621044992044422,0.988726761032648,159.203724963284
0,245,Trait_null_sim_245,II:9584108,0.264732901540087,0.515753768170046,FALSE,FALSE,0.577192080348298,0.287557590326252,0.498200859153732
0,246,Trait_null_sim_246,II:9602438,0.355049152326583,0.904737014373423,FALSE,FALSE,0.449711519884203,0.0434776415731077,0.0966789589564056
0,247,Trait_null_sim_247,II:9840801,0.0304536559872564,0.325233427253112,TRUE,FALSE,1.51636056248002,0.487804824315641,0.321694481105361
0,248,Trait_null_sim_248,II:9869358,0.727018420053506,0.869173461423927,FALSE,FALSE,0.138454585528513,0.060893542513846,0.439808781207221
0,249,Trait_null_sim_249,II:9876818,0.329477549827111,0.662260333136152,FALSE,FALSE,0.482174172324513,0.178971256754398,0.371175535785328
0,250,Trait_null_sim_250,II:10229460,0.516800910014518,0.0737445393407723,FALSE,FALSE,0.286676730280125,1.13227013293586,3.94964087887241
0,251,Trait_null_sim_251,II:10411299,0.749657490378664,0.525900307036089,FALSE,FALSE,0.125137115294214,0.279096575632558,2.2303261104938
0,252,Trait_null_sim_252,II:10497514,0.414542862747016,0.456280387776358,FALSE,FALSE,0.382430557774506,0.34076819803329,0.891059020012252
0,253,Trait_null_sim_253,II:10502449,0.0130130068546585,0.740428052059479,TRUE,FALSE,1.88562234144726,0.13051713580804,0.0692170075307155
0,254,Trait_null_sim_254,II:10565110,0.630931954009086,0.213626057475889,FALSE,FALSE,0.200017476876156,0.670345774453505,3.35143600910715
0,255,Trait_null_sim_255,II:10610834,0.608953249864292,0.816598575162486,FALSE,FALSE,0.215416047441513,0.0879913821886889,0.40847180715531
0,256,Trait_null_sim_256,II:10680547,0.574183249748801,0.353691677409472,FALSE,FALSE,0.240949481027553,0.451375159290893,1.87331866151344
0,257,Trait_null_sim_257,II:10726643,0.81990667501279,0.81870946665041,FALSE,FALSE,0.0862355779011042,0.0868701878805451,1.00735902738622
0,258,Trait_null_sim_258,II:10841017,0.833666230661824,0.125251338324952,FALSE,FALSE,0.0790077901237621,0.902217624949449,11.419350212633
0,259,Trait_null_sim_259,II:10939696,0.990252327376357,0.173201404498394,FALSE,FALSE,0.00425412820615222,0.761448590589865,178.990513141723
0,260,Trait_null_sim_260,II:10965596,0.366814466921336,0.987195949476844,FALSE,FALSE,0.435553544375495,0.00559663524302992,0.0128494769823409
0,261,Trait_null_sim_261,II:10986621,0.980642471249514,0.583771821693192,FALSE,FALSE,0.00848930155499029,0.233756871969628,27.53546572182
0,262,Trait_null_sim_262,II:11286461,0.798439112535369,0.733271193392563,FALSE,FALSE,0.0977581967429447,0.13473537595678,1.3782514453603
0,263,Trait_null_sim_263,II:11307433,0.000695446053736482,0.250766023684421,TRUE,FALSE,3.15773655290878,0.600731306461551,0.190241109857053
0,264,Trait_null_sim_264,II:11612408,0.151784634125167,0.507351839181147,FALSE,FALSE,0.818772191895241,0.294690760942775,0.359917891520771
0,265,Trait_null_sim_265,II:11624318,0.885072718300715,0.72783618268515,FALSE,FALSE,0.0530210458453027,0.137966358271763,2.60210556152176
0,266,Trait_null_sim_266,II:11836913,0.187992152630247,0.803608147878265,FALSE,FALSE,0.725860279143299,0.0949556685382353,0.130818108204388
0,267,Trait_null_sim_267,II:11905550,0.821642344352785,0.223878069991365,FALSE,FALSE,0.0853171869316248,0.649988445716144,7.61849363642357
0,268,Trait_null_sim_268,II:11965168,0.722618663955052,0.202672659264825,FALSE,FALSE,0.141090825568977,0.693204834095763,4.91318150064168
0,269,Trait_null_sim_269,II:12001295,0.644718562047872,0.719972198227034,FALSE,FALSE,0.190629825866271,0.142684273554434,0.748488715792711
0,270,Trait_null_sim_270,II:12048286,0.30152169540529,0.53385115560306,FALSE,FALSE,0.520681433587464,0.272579812842151,0.523505919856009
0,271,Trait_null_sim_271,II:12053098,0.15284744294092,0.904904209963256,FALSE,FALSE,0.815741822400356,0.0433973912767581,0.0531999096835067
0,272,Trait_null_sim_272,II:12097910,0.302730271639169,0.263357671975723,FALSE,FALSE,0.518944149415025,0.579454025519184,1.11660190440988
0,273,Trait_null_sim_273,II:12112220,0.510042968763626,0.955976443022142,FALSE,FALSE,0.292393235057242,0.019552809388695,0.0668716202851518
0,274,Trait_null_sim_274,II:12118931,0.606426560525679,0.998155411207863,FALSE,FALSE,0.21722178554697,0.00080183448882539,0.00369131708776977
0,275,Trait_null_sim_275,II:12132758,0.336577289453751,0.696803016795687,FALSE,FALSE,0.47291519138356,0.15688997772645,0.331750767547672
0,276,Trait_null_sim_276,II:12151365,0.887013338319466,0.532381749856126,FALSE,FALSE,0.052069849486213,0.273776840636559,5.25787655117092
0,277,Trait_null_sim_277,II:12158167,0.358379614573266,0.967555506634404,FALSE,FALSE,0.445656701939975,0.01432411102889,0.0321415811016331
0,278,Trait_null_sim_278,II:12205702,0.258412717204053,0.351522389988147,FALSE,FALSE,0.587686117319206,0.45404700766089,0.772601213947464
0,279,Trait_null_sim_279,II:12409509,0.380435412577455,0.588415655352025,FALSE,FALSE,0.419719063839877,0.230315780977566,0.548737955504045
0,280,Trait_null_sim_280,II:12613491,0.900408244222252,0.155094305321082,FALSE,FALSE,0.0455605372123435,0.809404148111825,17.7654654144977
0,281,Trait_null_sim_281,II:12615693,0.811873282729543,0.637837655723254,FALSE,FALSE,0.0905117501995216,0.195289845096071,2.15761870326868
0,282,Trait_null_sim_282,II:12707283,0.799541720853655,0.671356188198676,FALSE,FALSE,0.0971588694239663,0.173047003636695,1.7810726355983
0,283,Trait_null_sim_283,II:12727665,0.0808678920567169,0.349008334376441,FALSE,FALSE,1.09222387728097,0.457164201893313,0.418562724550024
0,284,Trait_null_sim_284,II:12804012,0.132102223536454,0.631924853183048,FALSE,FALSE,0.879089872306101,0.199334563787776,0.226751063875717
0,285,Trait_null_sim_285,II:12861681,0.955972803343092,0.239579182144691,FALSE,FALSE,0.0195544628766525,0.620550921977548,31.7344907856543
0,286,Trait_null_sim_286,II:12928131,0.410442691989225,0.365665428121497,FALSE,FALSE,0.386747472625656,0.43691609814106,1.1297193364311
0,287,Trait_null_sim_287,II:12932190,0.0802302921354815,0.742410060005199,FALSE,FALSE,1.09566162643646,0.129356151855002,0.118062135913002
0,288,Trait_null_sim_288,II:12996369,0.697466727290605,0.823574480793604,FALSE,FALSE,0.156476505615305,0.0842971188561244,0.538720611919643
0,289,Trait_null_sim_289,II:13094331,0.690309529748784,0.870228921166886,FALSE,FALSE,0.160956131118803,0.0603664874711665,0.375049319659713
0,290,Trait_null_sim_290,II:13096416,0.0536764973996249,0.189221287037606,FALSE,FALSE,1.27021583131978,0.723030007876429,0.569218230515349
0,291,Trait_null_sim_291,II:13110886,0.483990579956813,0.351546303653851,FALSE,FALSE,0.315163091067546,0.454017464109441,1.44057942372489
0,292,Trait_null_sim_292,II:13141196,0.793981519498739,0.382907514964247,FALSE,FALSE,0.100189605977344,0.416906110080944,4.16117127135145
0,293,Trait_null_sim_293,II:13144858,0.031270763295012,0.061806969730228,TRUE,FALSE,1.50486151783714,1.20896254845964,0.803371296381623
0,294,Trait_null_sim_294,II:13199168,0.165299116290275,0.762153860872275,FALSE,FALSE,0.7817294682149,0.117957346006105,0.150892797063752
0,295,Trait_null_sim_295,II:13237829,0.897001582808993,0.798877547204634,FALSE,FALSE,0.0472067906185554,0.097519784702154,2.06579992887342
0,296,Trait_null_sim_296,II:13279387,0.0218904550007051,0.400168525234412,TRUE,FALSE,1.65974521137671,0.397757073257458,0.239649477842163
0,297,Trait_null_sim_297,II:13292738,0.583705788544874,0.597301434060105,FALSE,FALSE,0.23380599981879,0.223806442554715,0.957231391530477
0,298,Trait_null_sim_298,II:13352001,0.319406806341944,0.799082797802272,FALSE,FALSE,0.49565583357871,0.0974082184762079,0.196523902024729
0,299,Trait_null_sim_299,II:13383152,0.995750841068254,0.130750375678806,FALSE,FALSE,0.00184931808845866,0.883557054621315,477.774515988067
0,300,Trait_null_sim_300,II:13409369,0.963856199998281,0.932352642687235,FALSE,FALSE,0.0159877546922523,0.0304197938622467,1.9026933079595
0,301,Trait_null_sim_301,II:13440956,0.754223091879586,0.558500147529686,FALSE,FALSE,0.122500175029899,0.252976707828014,2.06511303160398
0,302,Trait_null_sim_302,II:13460660,0.991099603649804,0.813127576096157,FALSE,FALSE,0.00388269754118772,0.0898413101895593,23.1388897117329
0,303,Trait_null_sim_303,II:13467149,0.310353530401146,0.427789016855584,FALSE,FALSE,0.508143309969205,0.368770369788439,0.725721194304
0,304,Trait_null_sim_304,II:13469940,0.241828250429433,0.959540123734117,FALSE,FALSE,0.616492966134666,0.0179368602698476,0.0290949958152961
0,305,Trait_null_sim_305,II:13502415,0.941784694297912,0.739926405183111,FALSE,FALSE,0.0260483719055842,0.130811474069453,5.02186756790779
0,306,Trait_null_sim_306,II:13513966,2.39010271456125e-21,0.562749166116254,TRUE,FALSE,20.6215834348642,0.249685139866096,0.0121079518774471
0,307,Trait_null_sim_307,II:13628315,0.316970434296138,0.209809345292778,FALSE,FALSE,0.498981245103586,0.678175171439434,1.35911956229667
0,308,Trait_null_sim_308,II:13643586,0.262766754670818,0.38821874084746,FALSE,FALSE,0.58042958270564,0.410923503336675,0.707964438030842
0,309,Trait_null_sim_309,II:13673535,0.727839851723624,0.0794767658328987,FALSE,FALSE,0.137964168989085,1.0997598140522,7.97134373446783
0,310,Trait_null_sim_310,II:13711222,0.348749505612462,0.965921381405112,FALSE,FALSE,0.457486399374064,0.0150582203872102,0.0329151214283374
0,311,Trait_null_sim_311,II:13751350,0.100059407163964,0.170381009829248,FALSE,FALSE,0.999742074570556,0.768578812069098,0.768777099232565
0,312,Trait_null_sim_312,II:13778345,0.400759659166136,0.90105015109485,FALSE,FALSE,0.397116001420483,0.0452510361712002,0.113949163492122
0,313,Trait_null_sim_313,II:13839500,0.976238355094901,0.676352411633504,FALSE,FALSE,0.0104441334969113,0.169826957094456,16.2605119079222
0,314,Trait_null_sim_314,II:13885875,0.330543977110034,0.549131545733818,FALSE,FALSE,0.480770751773952,0.260323606837693,0.54147138917488
0,315,Trait_null_sim_315,II:13906945,0.239661803192897,0.354236975780245,FALSE,FALSE,0.620401177415719,0.450706108478533,0.726475262919309
0,316,Trait_null_sim_316,II:13907643,0.904375853621375,0.510026692587391,FALSE,FALSE,0.0436510416152531,0.292407094215677,6.6987426507023
0,317,Trait_null_sim_317,II:13908776,0.141757974121434,0.82156069704626,FALSE,FALSE,0.848452501962166,0.0853603452922433,0.100607099507439
0,318,Trait_null_sim_318,II:14031125,0.817968919635762,0.870328611305227,FALSE,FALSE,0.0872631979021773,0.06031673918509,0.691204776298773
0,319,Trait_null_sim_319,II:14065526,0.846291487837167,0.328655025537758,FALSE,FALSE,0.0724800273205745,0.483259722438444,6.66748813850494
0,320,Trait_null_sim_320,II:14074934,0.639279614833954,0.0941126170864793,FALSE,FALSE,0.194309144003925,1.02635214954069,5.28205790212303
0,321,Trait_null_sim_321,II:14075021,0.543493117857142,0.19010518362903,FALSE,FALSE,0.264805950925599,0.721006040994675,2.72277129148526
0,322,Trait_null_sim_322,II:14075065,0.552666242581739,0.190244135206517,FALSE,FALSE,0.25753706175839,0.720688722660972,2.79838838627852
0,323,Trait_null_sim_323,II:14130092,0.32145236682344,0.922852557431423,FALSE,FALSE,0.492883372221434,0.0348676799154951,0.0707422523879145
0,324,Trait_null_sim_324,II:14149580,0.265206340993603,0.51286610911462,FALSE,FALSE,0.576416096309461,0.289995998752164,0.503101840161787
0,325,Trait_null_sim_325,II:14157630,0.285351363093379,0.925621404029881,FALSE,FALSE,0.544620048531112,0.0335666113331101,0.0616330805735893
0,326,Trait_null_sim_326,II:14186344,0.777791075504174,0.415318755351698,FALSE,FALSE,0.109137044322433,0.381618456172018,3.49669040921221
0,327,Trait_null_sim_327,II:14187952,0.0766592819139757,0.557325332601116,FALSE,FALSE,1.11543525320401,0.25389121612407,0.227616273911718
0,328,Trait_null_sim_328,II:14212057,0.424314578953234,0.757808630502759,FALSE,FALSE,0.372312046125989,0.12044045295601,0.323493301410005
0,329,Trait_null_sim_329,II:14242047,0.56806215994584,0.834155265921925,FALSE,FALSE,0.245604139210772,0.0787531042099041,0.320650557694062
0,330,Trait_null_sim_330,II:14245068,0.399875867129598,0.794848105394203,FALSE,FALSE,0.398074805140556,0.0997158566162805,0.250495272065942
0,331,Trait_null_sim_331,II:14259163,0.0420146413430925,0.0583230792937666,TRUE,FALSE,1.37659933944863,1.23415955456342,0.896527783499984
0,332,Trait_null_sim_332,II:14267125,0.476511629122363,0.697053916360872,FALSE,FALSE,0.321926496070684,0.156733628397825,0.486861536129701
0,333,Trait_null_sim_333,II:14267541,0.943256641327566,0.755031795422951,FALSE,FALSE,0.0253701283143398,0.122034759250303,4.81017509010098
0,334,Trait_null_sim_334,II:14430811,0.96451199708637,0.441743993594482,FALSE,FALSE,0.0156923660128335,0.35482934689535,22.6115900307935
0,335,Trait_null_sim_335,II:14455445,0.0447392221183421,0.486717350197494,TRUE,FALSE,1.3493115712597,0.312723172020872,0.231764981996648
0,336,Trait_null_sim_336,II:14498242,0.396782126645611,0.650107509669591,FALSE,FALSE,0.401447899204379,0.187014817210439,0.465850780589661
0,337,Trait_null_sim_337,II:14543891,0.727932654605993,0.851019481919973,FALSE,FALSE,0.137908798002757,0.0700604977373917,0.508020508858261
0,338,Trait_null_sim_338,II:15148114,0.5792625596327,0.570489699637677,FALSE,FALSE,0.23712454101655,0.24375219249187,1.0279500866798
0,339,Trait_null_sim_339,II:15247524,0.837666961953753,0.914708250681033,FALSE,FALSE,0.0769286130333383,0.0387174035550746,0.503290024718056
0,340,Trait_null_sim_340,III:346901,0.813097561126988,0.794250421936758,FALSE,FALSE,0.0898573415928229,0.10004254578661,1.11334860361149
0,341,Trait_null_sim_341,III:371458,0.864821586124336,0.116452988800858,FALSE,FALSE,0.0630734788400304,0.933849360688228,14.805737337823
0,342,Trait_null_sim_342,III:529630,0.963184527738393,0.392591350092916,FALSE,FALSE,0.0162905023858855,0.406059273376612,24.926135717486
0,343,Trait_null_sim_343,III:723688,0.247828493987428,0.63898867752845,FALSE,FALSE,0.605848762245318,0.194506837194465,0.321048501400926
0,344,Trait_null_sim_344,III:811791,0.817463538714208,0.181463700555541,FALSE,FALSE,0.0875316090509909,0.741210236881728,8.46791513280582
0,345,Trait_null_sim_345,III:824209,0.222722378103445,0.839236739519775,FALSE,FALSE,0.652236144894202,0.0761155121578605,0.11669931627326
0,346,Trait_null_sim_346,III:842195,0.780488467152616,0.79531890534422,FALSE,FALSE,0.107633509884055,0.099458693909513,0.924049527109654
0,347,Trait_null_sim_347,III:856901,0.252122650666789,0.908355291998312,FALSE,FALSE,0.59838813560993,0.0417442493050627,0.0697611580525627
0,348,Trait_null_sim_348,III:905549,0.702104930335181,0.367207900249781,FALSE,FALSE,0.153597977243284,0.435087983794387,2.83264136418444
0,349,Trait_null_sim_349,III:920838,0.00116460746232312,0.493380289975284,TRUE,FALSE,2.93382043143959,0.306818204108445,0.104579748924133
0,350,Trait_null_sim_350,III:923339,0.935351734134328,0.434788499473188,FALSE,FALSE,0.0290250442414391,0.361721951893445,12.4624082872892
0,351,Trait_null_sim_351,III:985295,0.826186063946154,0.201534453979934,FALSE,FALSE,0.0829221349492776,0.695650696945934,8.38920388834
0,352,Trait_null_sim_352,III:1108368,0.887804775892506,0.698439840184122,FALSE,FALSE,0.0516825230432693,0.155870995707649,3.01593239898818
0,353,Trait_null_sim_353,III:1134910,0.740777013357691,0.524669563152272,FALSE,FALSE,0.130312502469209,0.280114129128174,2.14955682548081
0,354,Trait_null_sim_354,III:1160212,0.533524596106105,0.299248062359383,FALSE,FALSE,0.272845554295877,0.523968652982879,1.92038552482582
0,355,Trait_null_sim_355,III:1165809,0.894036348971092,0.454043578048908,FALSE,FALSE,0.0486448236686755,0.342902462565977,7.04910485237892
0,356,Trait_null_sim_356,III:1205374,0.838430096877236,0.680372662037653,FALSE,FALSE,0.0765331403399501,0.16725314503701,2.18536890416482
0,357,Trait_null_sim_357,III:1223147,0.510169097050001,0.0151509032144676,FALSE,TRUE,0.292285851855456,1.81956147611436,6.22528071257514
0,358,Trait_null_sim_358,III:1286178,0.579854398132312,0.773266724742029,FALSE,FALSE,0.23668104441308,0.111670678004869,0.471819271719831
0,359,Trait_null_sim_359,III:1550749,0.904876991896039,0.913314747062087,FALSE,FALSE,0.0434104543546476,0.0393795298523845,0.907143922767268
0,360,Trait_null_sim_360,III:1679175,0.828336630399539,0.937791559537843,FALSE,FALSE,0.0817931330046659,0.0278936803865012,0.341027166484869
0,361,Trait_null_sim_361,III:1710437,0.831552003776684,0.671096684054012,FALSE,FALSE,0.08011058559416,0.173214907064505,2.16219748963029
0,362,Trait_null_sim_362,III:1778648,0.336699176194721,0.934346534577326,FALSE,FALSE,0.472757946203312,0.0294920208335273,0.062382919357307
0,363,Trait_null_sim_363,III:1834618,0.344012551824718,0.325395094830906,FALSE,FALSE,0.463425711240202,0.487588998122967,1.0521405832622
0,364,Trait_null_sim_364,III:1841932,0.843096160607438,0.391806202698936,FALSE,FALSE,0.0741228884363716,0.406928692954356,5.4899195314504
0,365,Trait_null_sim_365,III:1963498,0.747064900678986,0.486562890844301,FALSE,FALSE,0.126641667552203,0.312861016893304,2.47044296668266
0,366,Trait_null_sim_366,III:1985121,0.240478314660294,0.745706402689793,FALSE,FALSE,0.618924080404453,0.127432128009108,0.205892987595238
0,367,Trait_null_sim_367,III:2008560,0.974472209153529,0.185867468181214,FALSE,FALSE,0.0112305419577207,0.730796616821633,65.0722484785547
0,368,Trait_null_sim_368,III:2010613,0.780543110070255,0.667134326387585,FALSE,FALSE,0.107603105479735,0.175786712806903,1.63365835979529
0,369,Trait_null_sim_369,III:2043104,0.98681977113022,0.62676547740426,FALSE,FALSE,0.00576215791888576,0.202894932729507,35.2116230734512
0,370,Trait_null_sim_370,III:2085993,0.282314003369172,0.548278926859426,FALSE,FALSE,0.549267579397795,0.260998445935858,0.475175407625571
0,371,Trait_null_sim_371,III:2124847,0.169274492138244,0.0553163476061686,FALSE,FALSE,0.771408480510241,1.25714650294545,1.62967679861897
0,372,Trait_null_sim_372,III:2125841,0.651512311908009,0.969533351245809,FALSE,FALSE,0.186077372824478,0.0134372469123594,0.0722132235015724
0,373,Trait_null_sim_373,III:2158305,0.610504568108594,0.748478806115407,FALSE,FALSE,0.214311082092673,0.125820492605422,0.587092796960515
0,374,Trait_null_sim_374,III:2160401,0.793444400651863,0.743317433404961,FALSE,FALSE,0.100483500334574,0.1288256813464,1.28205805846191
0,375,Trait_null_sim_375,III:2192356,0.47833374197647,0.522717493089053,FALSE,FALSE,0.320268982629338,0.281732965704959,0.879676087868371
0,376,Trait_null_sim_376,III:2197358,0.848796112335382,0.636733929088261,FALSE,FALSE,0.0711966182621796,0.196042007646431,2.75352976632278
0,377,Trait_null_sim_377,III:2298418,0.185817886997911,0.174424941545456,FALSE,FALSE,0.730912482750393,0.758391413892693,1.03759537809355
0,378,Trait_null_sim_378,III:2328387,0.0239573917744342,0.511577896916139,TRUE,FALSE,1.62056046506523,0.291088227787445,0.179621948123811
0,379,Trait_null_sim_379,III:2348744,0.997859799075931,0.279616873048962,FALSE,FALSE,0.000930473507164387,0.553436625304905,594.790309496828
0,380,Trait_null_sim_380,III:2348846,0.235584502967275,0.688987378219733,FALSE,FALSE,0.627853281360132,0.161788733999095,0.257685575280596
0,381,Trait_null_sim_381,III:2407646,0.868265825877155,0.31731830016851,FALSE,FALSE,0.0613472920615639,0.498504880836804,8.12594760232513
0,382,Trait_null_sim_382,III:2427374,0.838251491971141,0.564712284949861,FALSE,FALSE,0.0766256649146425,0.248172764365296,3.23876816784231
0,383,Trait_null_sim_383,III:2446834,0.25601429971032,0.426213389695601,FALSE,FALSE,0.591735776438762,0.370372910840561,0.625909275030779
0,384,Trait_null_sim_384,III:2527992,0.408378971923526,0.206256187026075,FALSE,FALSE,0.388936628516308,0.685593015136908,1.76273707558033
0,385,Trait_null_sim_385,III:2541352,0.591918769409764,0.816117157675128,FALSE,FALSE,0.227737888577143,0.0882474916388585,0.38749587163651
0,386,Trait_null_sim_386,III:2598974,0.527774002750575,0.696906248911146,FALSE,FALSE,0.277552006196378,0.156825641298065,0.565031553715758
0,387,Trait_null_sim_387,III:2620210,0.0354850284498475,0.614546246878862,TRUE,FALSE,1.44995484224271,0.211445429281108,0.145828975579719
0,388,Trait_null_sim_388,III:2648540,0.484880365024028,0.140068672864095,FALSE,FALSE,0.314365402055584,0.853658986224458,2.7154991632111
0,389,Trait_null_sim_389,III:2655383,0.936185259380315,0.279749547353,FALSE,FALSE,0.0286382012989293,0.553230607506506,19.3179243951745
0,390,Trait_null_sim_390,III:2700736,0.0621685161179227,0.0560768007023159,FALSE,FALSE,1.20642949855574,1.25121677173477,1.03712382135272
0,391,Trait_null_sim_391,III:2723494,0.320355941148602,0.746326472511321,FALSE,FALSE,0.494367217406074,0.127071153499949,0.257037985177671
0,392,Trait_null_sim_392,III:2781298,0.935789624194088,0.523489031671419,FALSE,FALSE,0.0288217744678761,0.281092413382429,9.75277957627926
0,393,Trait_null_sim_393,III:2781889,0.901166021853266,0.205518354652263,FALSE,FALSE,0.0451951915596392,0.687149385621348,15.2040374630251
0,394,Trait_null_sim_394,III:2834773,0.0761452189842351,0.465246918991147,FALSE,FALSE,1.11835736000947,0.332316494219923,0.297146964023296
0,395,Trait_null_sim_395,III:2838781,0.102974217881207,0.0225097334273422,FALSE,TRUE,0.98727149795048,1.64762964812342,1.66887188736209
0,396,Trait_null_sim_396,III:2839389,0.726590551608919,0.118869187480735,FALSE,FALSE,0.138710253886996,0.924930705863236,6.66807737672193
0,397,Trait_null_sim_397,III:2840601,0.472654119828902,0.27722917603633,FALSE,FALSE,0.325456552281774,0.557161065817803,1.71193685274286
0,398,Trait_null_sim_398,III:2852142,0.930548495805237,0.308550590924074,FALSE,FALSE,0.031260988560309,0.510673617504922,16.3358115345497
0,399,Trait_null_sim_399,III:2914714,0.0308799893327956,0.816101097172295,TRUE,FALSE,1.51032285835926,0.0882560382749919,0.0584352132304143
0,400,Trait_null_sim_400,III:2937825,0.500379661935391,0.82620628803064,FALSE,FALSE,0.300700350634761,0.0829115040500436,0.275727992584719
0,401,Trait_null_sim_401,III:2941719,0.816846980002117,0.651392411608358,FALSE,FALSE,0.0878592922618217,0.186157305052405,2.11881179850225
0,402,Trait_null_sim_402,III:3004733,0.959321160333311,0.788229602118826,FALSE,FALSE,0.0180359759254829,0.10334725914886,5.73006193708885
0,403,Trait_null_sim_403,III:3042319,0.855059980428363,0.365875394642031,FALSE,FALSE,0.0680034194760433,0.436666796117389,6.42124762963164
0,404,Trait_null_sim_404,III:3139996,0.0107074541259302,0.634706328659919,TRUE,FALSE,1.97031377758029,0.197427171312043,0.100200878438002
0,405,Trait_null_sim_405,III:3191469,0.988261757664316,0.843580132749941,FALSE,FALSE,0.00512801001473422,0.0738736569300297,14.4059112048865
0,406,Trait_null_sim_406,III:3205389,0.126732500621133,0.680384840735475,FALSE,FALSE,0.897111995768631,0.167245371218015,0.186426412763238
0,407,Trait_null_sim_407,III:3212061,0.358779546196147,0.499420162641191,FALSE,FALSE,0.445172323786666,0.301533928250094,0.677342036192245
0,408,Trait_null_sim_408,III:3243065,0.606290358391295,0.455722572798083,FALSE,FALSE,0.217319338132758,0.341299459460434,1.57049741819082
0,409,Trait_null_sim_409,III:3364898,0.730930337978669,0.577197809152647,FALSE,FALSE,0.136124011924632,0.238675326010147,1.75336682070681
0,410,Trait_null_sim_410,III:3372663,0.0889116501730771,0.213614951411417,FALSE,FALSE,1.05104132930668,0.670368353290351,0.637813504186897
0,411,Trait_null_sim_411,III:3379717,0.811843236587294,0.473827877751297,FALSE,FALSE,0.0905278230467549,0.324379391064951,3.5832010551874
0,412,Trait_null_sim_412,III:3421937,0.17673278595364,0.202124705443203,FALSE,FALSE,0.752682876424523,0.694380599983426,0.922540716326576
0,413,Trait_null_sim_413,III:3567562,0.894582114601586,0.89780780157184,FALSE,FALSE,0.0483797889349753,0.0468166250817494,0.967689733923252
0,414,Trait_null_sim_414,III:3575622,0.908716592847664,0.568660108745931,FALSE,FALSE,0.0415715418094957,0.245147236244331,5.89699649264236
0,415,Trait_null_sim_415,III:3605193,0.777774037575965,0.610299955040945,FALSE,FALSE,0.109146557878815,0.21445666203664,1.96485043783746
0,416,Trait_null_sim_416,III:3615610,0.00369337895377767,0.909503256928873,TRUE,FALSE,2.43257612990896,0.0411957413902667,0.0169350265686478
0,417,Trait_null_sim_417,III:3703045,0.628919887172646,0.491910890308643,FALSE,FALSE,0.201404672161601,0.30811356258278,1.52982331182247
0,418,Trait_null_sim_418,III:3717385,0.836426732568169,0.787762046083717,FALSE,FALSE,0.0775720953889022,0.103604947077876,1.33559557155778
0,419,Trait_null_sim_419,III:3785251,0.914350525479465,0.783857683604423,FALSE,FALSE,0.0388872811829394,0.105762780218332,2.71972678472396
0,420,Trait_null_sim_420,III:3820303,0.61856203243574,0.585878678268991,FALSE,FALSE,0.208616740669233,0.232192306871501,1.11300898540855
0,421,Trait_null_sim_421,III:3903968,0.00487181877935601,0.966941240409387,TRUE,FALSE,2.31230887484757,0.0145999165491819,0.00631399927059673
0,422,Trait_null_sim_422,III:4084995,0.819539062519147,0.798259209417787,FALSE,FALSE,0.0864303413830402,0.0978560623578819,1.13219571729105
0,423,Trait_null_sim_423,III:4119391,0.772166329336418,0.0306328340962662,FALSE,TRUE,0.112289139907271,1.51381282116827,13.4813822816559
0,424,Trait_null_sim_424,III:4290970,0.841095275282595,0.969812349586477,FALSE,FALSE,0.0751548065969997,0.0133122898811338,0.177131583246803
0,425,Trait_null_sim_425,III:4656708,0.702141108259228,0.600194269000215,FALSE,FALSE,0.15357559957961,0.22170815578465,1.44364180502334
0,426,Trait_null_sim_426,III:4778449,0.611220020627675,0.845573207956754,FALSE,FALSE,0.213802428801278,0.0728487861321303,0.340729460093462
0,427,Trait_null_sim_427,III:4801638,0.648405497548004,0.68484711094798,FALSE,FALSE,0.188153311614021,0.164406371985983,0.873789414470931
0,428,Trait_null_sim_428,III:4884998,0.684057798278202,0.141978523868461,FALSE,FALSE,0.164907201769936,0.847777343439464,5.14093583749123
0,429,Trait_null_sim_429,III:5063758,0.357487872778459,0.354350983316664,FALSE,FALSE,0.446738686379624,0.45056635774257,1.00856803200539
0,430,Trait_null_sim_430,III:5095566,0.148526951592801,0.851448941238958,FALSE,FALSE,0.82819473243442,0.06984139021815,0.0843296720963875
0,431,Trait_null_sim_431,III:5231025,0.217711143597798,0.943687728470174,FALSE,FALSE,0.662119340921368,0.0251716923948631,0.0380168511009444
0,432,Trait_null_sim_432,III:5268162,0.75221831915171,0.379723969440801,FALSE,FALSE,0.123656094192505,0.420531987881755,3.40081894570503
0,433,Trait_null_sim_433,III:5332159,0.627168714947518,0.93826204074959,FALSE,FALSE,0.202615613691813,0.0276758535628402,0.136592896561942
0,434,Trait_null_sim_434,III:5492078,0.981292875837245,0.306441319932593,FALSE,FALSE,0.00820135411143855,0.513652675694695,62.630227730113
0,435,Trait_null_sim_435,III:5654659,0.117168723616667,0.721794420856418,FALSE,FALSE,0.931188301060604,0.141586479162956,0.152049246110257
0,436,Trait_null_sim_436,III:5915967,0.49950371233168,0.66802873123014,FALSE,FALSE,0.301461279731948,0.175204858562815,0.581185280970753
0,437,Trait_null_sim_437,III:5979161,0.888027390059483,0.520077031937062,FALSE,FALSE,0.0515736387616667,0.28393232546618,5.50537701592658
0,438,Trait_null_sim_438,III:6145273,0.861777168185315,0.341012226305062,FALSE,FALSE,0.0646050162379984,0.467230049976315,7.23210173425367
0,439,Trait_null_sim_439,III:6232740,0.877025507412523,0.316178639067837,FALSE,FALSE,0.0569877754282439,0.50006747421511,8.77499552241286
0,440,Trait_null_sim_440,III:6249347,0.920868778642978,0.167546367852651,FALSE,FALSE,0.0358022512053657,0.775864982562514,21.6708434928314
0,441,Trait_null_sim_441,III:6610691,0.603358806278117,0.400814298551647,FALSE,FALSE,0.219424344172312,0.397056793948907,1.80953847872551
0,442,Trait_null_sim_442,III:6842245,0.738558785137391,0.927544544860028,FALSE,FALSE,0.131614931571077,0.0326652244381253,0.248187831336484
0,443,Trait_null_sim_443,III:6949772,0.842278633661456,0.898291617265142,FALSE,FALSE,0.0745442160490798,0.0465826530769285,0.624899630660258
0,444,Trait_null_sim_444,III:7031231,0.49761289904993,0.648696690649634,FALSE,FALSE,0.303108370452288,0.187958317633622,0.620102695788828
0,445,Trait_null_sim_445,III:7138148,0.926728761088269,0.645773397920528,FALSE,FALSE,0.0330473584118204,0.189919849337872,5.7468995546083
0,446,Trait_null_sim_446,III:7219387,0.816122595207829,0.920454626905575,FALSE,FALSE,0.0882445980805526,0.0359976148407987,0.407929954057232
0,447,Trait_null_sim_447,III:7267945,0.0418930407293476,0.85817097224221,TRUE,FALSE,1.37785811602814,0.0664261796288396,0.0482097386197659
0,448,Trait_null_sim_448,III:8090543,0.928881979963829,0.0839824507102164,FALSE,FALSE,0.032039462224315,1.07581145627114,33.5777001729666
0,449,Trait_null_sim_449,III:8450481,0.966290495597002,0.785373535510309,FALSE,FALSE,0.0148922921465362,0.104923737106193,7.04550623059037
0,450,Trait_null_sim_450,III:9034719,2.22574172592055e-06,0.580716500610154,TRUE,FALSE,5.65252523241604,0.236035833649598,0.0417575904475371
0,451,Trait_null_sim_451,III:9073864,0.961885207561444,0.476106594952888,FALSE,FALSE,0.0168767540508667,0.322295802705681,19.0970255141645
0,452,Trait_null_sim_452,III:9368075,0.657081464389579,0.889956741955248,FALSE,FALSE,0.182380783649331,0.0506311025536362,0.27761204629423
0,453,Trait_null_sim_453,III:9493729,0.837410880100877,0.748425052876326,FALSE,FALSE,0.0770614008163224,0.12585168329945,1.63313516191355
0,454,Trait_null_sim_454,III:9755421,0.357139478670962,0.391496243463964,FALSE,FALSE,0.447162139666415,0.407272400785345,0.91079356827743
0,455,Trait_null_sim_455,III:9958439,0.316872378281471,0.935057469512107,FALSE,FALSE,0.499115616545786,0.0291616961595918,0.0584267355956726
0,456,Trait_null_sim_456,III:10062547,0.192644574555719,0.436829127210045,FALSE,FALSE,0.715243217503263,0.359688411134705,0.502889649747799
0,457,Trait_null_sim_457,III:10128680,0.9229876505206,0.0658587015111851,FALSE,FALSE,0.0348041097505103,1.18138683621273,33.9438889453395
0,458,Trait_null_sim_458,III:10133024,0.235376685050585,0.311421881112247,FALSE,FALSE,0.62823655787044,0.506650876313645,0.806465128408097
0,459,Trait_null_sim_459,III:10149520,0.965320179233145,0.953039991080295,FALSE,FALSE,0.0153286151421174,0.0208888752891657,1.36273727897119
0,460,Trait_null_sim_460,III:10153134,0.901461778807442,0.849696495235695,FALSE,FALSE,0.0450526822581754,0.0707361730885104,1.5700768421102
0,461,Trait_null_sim_461,III:10207735,0.515286218451325,0.789016666773078,FALSE,FALSE,0.287951472773895,0.102913822885472,0.357399883716804
0,462,Trait_null_sim_462,III:10328571,0.939471006181383,0.475029766351251,FALSE,FALSE,0.0271166184902642,0.323279175728694,11.9218100828008
0,463,Trait_null_sim_463,III:10514686,0.0109926529107534,0.206531327207608,TRUE,FALSE,1.95889748451339,0.685014064097135,0.349693676934451
0,464,Trait_null_sim_464,III:10596875,0.613634768938279,0.289704145740784,FALSE,FALSE,0.212090040958942,0.538045289886114,2.53687201649544
0,465,Trait_null_sim_465,III:10679336,0.989563492845905,0.555114717904223,FALSE,FALSE,0.00455633515342012,0.255617257950335,56.1015046837502
0,466,Trait_null_sim_466,III:10684784,0.862257980299564,0.798781422044714,FALSE,FALSE,0.0643627774951887,0.09757204444892,1.51597007223956
0,467,Trait_null_sim_467,III:10750355,0.885152871702186,0.600076044248535,FALSE,FALSE,0.0529817173210912,0.221793710441595,4.18623105584579
0,468,Trait_null_sim_468,III:10833608,0.00785656516530475,0.804811181344913,TRUE,FALSE,2.10476728294198,0.0943059985373236,0.0448059029145994
0,469,Trait_null_sim_469,III:10994643,0.903005869861831,0.0191566131804112,FALSE,TRUE,0.0443094266075162,1.71768127015694,38.7655946300504
0,470,Trait_null_sim_470,III:11191250,0.12507516417722,0.194233382770098,FALSE,FALSE,0.902828918376884,0.711676126091785,0.788273516283954
0,471,Trait_null_sim_471,III:11263749,0.925376167884776,0.925271125032585,FALSE,FALSE,0.033681689501576,0.0337309906637084,1.00146373780122
0,472,Trait_null_sim_472,III:11267731,0.900722420857107,0.688273085128016,FALSE,FALSE,0.0454090266274764,0.162239213170266,3.57284058302403
0,473,Trait_null_sim_473,III:11438790,0.109626941063364,0.517502654624717,FALSE,FALSE,0.960082703905085,0.286087418072187,0.297982056033862
0,474,Trait_null_sim_474,III:11462205,0.774256939302848,0.0428821435166769,FALSE,TRUE,0.111114893575399,1.36772351402896,12.3090925979321
0,475,Trait_null_sim_475,III:11529162,0.283810659029835,0.808307229502153,FALSE,FALSE,0.546971297846443,0.0924235368530006,0.168973284735221
0,476,Trait_null_sim_476,III:11561278,0.95608151837038,0.852682770422993,FALSE,FALSE,0.0195050768984764,0.0692125124193245,3.54843576262604
0,477,Trait_null_sim_477,III:11584935,0.378527356525733,0.449012320177775,FALSE,FALSE,0.421902728161685,0.347741742489289,0.82422255007563
0,478,Trait_null_sim_478,III:11614028,0.811236591376577,0.707306646002494,FALSE,FALSE,0.0908524684218211,0.150392261175789,1.6553459007578
0,479,Trait_null_sim_479,III:11649030,0.540555039282101,0.661595912649953,FALSE,FALSE,0.267160079620848,0.179407186525422,0.671534410305745
0,480,Trait_null_sim_480,III:11650019,0.000652624943883019,0.517608454438464,TRUE,FALSE,3.18533633112472,0.285998638664731,0.0897860096813534
0,481,Trait_null_sim_481,III:11651788,0.852911328815607,0.0677500433388885,FALSE,FALSE,0.0690961170244958,1.16909042264051,16.9197702126452
0,482,Trait_null_sim_482,III:11729697,0.855115109047278,0.137935230566124,FALSE,FALSE,0.0679754199394516,0.860324794837034,12.6564101494828
0,483,Trait_null_sim_483,III:11781434,0.811212637833936,0.7305706437098,FALSE,FALSE,0.0908652921098659,0.13633778289195,1.50043850326374
0,484,Trait_null_sim_484,III:11828710,0.632410723944714,0.662494593156457,FALSE,FALSE,0.199000774238682,0.178817661801565,0.898577719034857
0,485,Trait_null_sim_485,III:11853805,0.0685569068733622,0.875480748584275,FALSE,FALSE,1.16394878498996,0.057753399409824,0.0496185056890814
0,486,Trait_null_sim_486,III:11897326,0.117256214012417,0.48615383071402,FALSE,FALSE,0.930864132495246,0.313226287817269,0.336489802198785
0,487,Trait_null_sim_487,III:11897377,0.628227104883946,0.872879217789345,FALSE,FALSE,0.20188332988023,0.059045846416529,0.292475096639028
0,488,Trait_null_sim_488,III:11908221,0.873729364658812,0.518440016317247,FALSE,FALSE,0.0586230680939159,0.285301484384673,4.86671021597865
0,489,Trait_null_sim_489,III:11918521,0.171345916468814,0.705560406580327,FALSE,FALSE,0.766126241255668,0.151465798179723,0.197703446277304
0,490,Trait_null_sim_490,III:11939026,0.962633822380517,0.752768147661272,FALSE,FALSE,0.0165388833451636,0.123338765759877,7.45750261283172
0,491,Trait_null_sim_491,III:12057271,2.87747920919841e-05,0.833214047996193,TRUE,FALSE,4.54098780561755,0.079243416453772,0.0174507001220619
0,492,Trait_null_sim_492,III:12078223,0.549413877587382,0.853054884123618,FALSE,FALSE,0.260100374978245,0.0690230261534207,0.26537072912407
0,493,Trait_null_sim_493,III:12080574,0.460405758022165,0.922745037425327,FALSE,FALSE,0.336859253544384,0.0349182817861575,0.103658371912757
0,494,Trait_null_sim_494,III:12177680,0.86334954121614,0.564369194867327,FALSE,FALSE,0.0638133374399629,0.248436699496444,3.89317828314777
0,495,Trait_null_sim_495,III:12205552,0.137103449133217,0.834706535932878,FALSE,FALSE,0.862951619457889,0.0784661858656318,0.0909276767044307
0,496,Trait_null_sim_496,III:12285276,0.535604080602388,0.49294115186339,FALSE,FALSE,0.27115612289164,0.307204924427604,1.13294481847408
0,497,Trait_null_sim_497,III:12309843,0.812167607986518,0.845698798060673,FALSE,FALSE,0.0903543356453451,0.0727842866441475,0.805542823421747
0,498,Trait_null_sim_498,III:12393316,0.00773313145543553,0.812336139109157,TRUE,FALSE,2.11164460719102,0.0902642254969568,0.0427459361246538
0,499,Trait_null_sim_499,III:12396158,0.776817165195363,0.428305340870993,FALSE,FALSE,0.109681186463513,0.368246510015434,3.35742639087822
0,500,Trait_null_sim_500,III:12415738,0.170666842025108,0.730153504391213,FALSE,FALSE,0.767850847510447,0.136585826041517,0.177880673680781
0,501,Trait_null_sim_501,III:12501085,0.389494345964165,0.894606218339666,FALSE,FALSE,0.409498842315899,0.0483680874050143,0.118115321478007
0,502,Trait_null_sim_502,III:12528761,0.806436737239059,0.8467578752767,FALSE,FALSE,0.0934296961555095,0.072240755506114,0.773209787452082
0,503,Trait_null_sim_503,III:12566882,0.779647597734042,0.970226688580971,FALSE,FALSE,0.108101654928667,0.0131267831586999,0.121429992606143
0,504,Trait_null_sim_504,III:12583572,0.451532083902751,0.620221468777651,FALSE,FALSE,0.345311385180218,0.207453204867,0.60077140161113
0,505,Trait_null_sim_505,III:12643546,0.906329526018022,0.659183855550356,FALSE,FALSE,0.0427138715155791,0.180993437735779,4.23734565174606
0,506,Trait_null_sim_506,III:12662638,0.42533332850473,0.542332291095393,FALSE,FALSE,0.371270585264854,0.265734536396119,0.715743576094377
0,507,Trait_null_sim_507,III:12680774,0.559195755880285,0.342660554017233,FALSE,FALSE,0.252436133408239,0.465135887279074,1.84258838463057
0,508,Trait_null_sim_508,III:12717308,0.474942981665243,0.944473421592295,FALSE,FALSE,0.32335852560569,0.0248102590425355,0.0767267818161371
0,509,Trait_null_sim_509,III:12717926,0.966519308486336,0.839168424785027,FALSE,FALSE,0.0147894654995685,0.076150865614798,5.14899376296051
0,510,Trait_null_sim_510,III:12839409,0.905862968641003,0.662478317418342,FALSE,FALSE,0.0429374937846312,0.178828331398199,4.16485257139548
0,511,Trait_null_sim_511,III:12841204,0.703733672872139,0.889519458114203,FALSE,FALSE,0.152591667968364,0.0508445473448692,0.333206576884727
0,512,Trait_null_sim_512,III:12851499,0.100183987582722,0.730922475165938,FALSE,FALSE,0.999201686254938,0.136128683771415,0.136237443995549
0,513,Trait_null_sim_513,III:12905171,0.698532854264887,0.690844705750836,FALSE,FALSE,0.155813162791894,0.16061956625125,1.03084722351587
0,514,Trait_null_sim_514,III:12934613,0.745020227938742,0.189139745539264,FALSE,FALSE,0.127831935623632,0.723217199581046,5.65756276827704
0,515,Trait_null_sim_515,III:13106974,0.885929304777622,0.434825116051323,FALSE,FALSE,0.0526009324808285,0.361685378460012,6.87602598284424
0,516,Trait_null_sim_516,III:13161041,0.354032227354377,0.732076009241526,FALSE,FALSE,0.450957202592512,0.135443825115892,0.300347404004721
0,517,Trait_null_sim_517,III:13166184,0.910446260447446,0.740723331367686,FALSE,FALSE,0.0407456835647368,0.130343975687733,3.1989640198487
0,518,Trait_null_sim_518,III:13214906,0.911018056059412,0.386571538422608,FALSE,FALSE,0.0404730153768835,0.412770124340133,10.1986501498944
0,519,Trait_null_sim_519,III:13250134,0.354786224399156,0.609533444303366,FALSE,FALSE,0.450033251251746,0.215002460221283,0.477747943342551
0,520,Trait_null_sim_520,III:13475413,0.918093262028154,0.69170741890444,FALSE,FALSE,0.0371131999241113,0.160077566273059,4.31322458317753
0,521,Trait_null_sim_521,III:13555202,0.769643155546591,0.896602387449629,FALSE,FALSE,0.113710588462083,0.0474001090405825,0.416848682973688
0,522,Trait_null_sim_522,III:13608338,0.92388173678717,0.861969994463115,FALSE,FALSE,0.0343836179009844,0.064507851885153,1.87612170629973
0,523,Trait_null_sim_523,III:13668588,0.785704383259918,0.873125802806693,FALSE,FALSE,0.1047408240216,0.0589231772239402,0.562561711484996
0,524,Trait_null_sim_524,III:13700578,0.117830716754013,0.590163580909121,FALSE,FALSE,0.928741480535067,0.229027594392511,0.246599941095086
0,525,Trait_null_sim_525,IV:88900,0.394121654492327,0.445327311485733,FALSE,FALSE,0.404369702743723,0.351320669198847,0.868810563242178
0,526,Trait_null_sim_526,IV:91419,0.396926677280752,0.177729095145838,FALSE,FALSE,0.401289711356189,0.750241470185953,1.86957564311942
0,527,Trait_null_sim_527,IV:153379,0.359423839247151,0.366009653703908,FALSE,FALSE,0.444393121133176,0.436507459701091,0.982255212655008
0,528,Trait_null_sim_528,IV:366726,0.614920674021813,0.199469652763546,FALSE,FALSE,0.211180905454852,0.700123168347432,3.31527685630228
0,529,Trait_null_sim_529,IV:384662,0.561781989893122,0.834565835420593,FALSE,FALSE,0.250432187910182,0.0785393979516642,0.313615428619873
0,530,Trait_null_sim_530,IV:518807,0.00104991278145729,0.338089663478185,TRUE,FALSE,2.97884677722063,0.470968106853305,0.158104173217239
0,531,Trait_null_sim_531,IV:753734,0.740673727707381,0.997075406840884,FALSE,FALSE,0.130373059849645,0.00127199561362037,0.00975658326257982
0,532,Trait_null_sim_532,IV:935980,0.933581508970368,0.534595487604647,FALSE,FALSE,0.029847758753241,0.271974711342057,9.11206478149804
0,533,Trait_null_sim_533,IV:945486,0.994673501707456,0.475653943793581,FALSE,FALSE,0.00231945159232256,0.322708898032779,139.131551225709
0,534,Trait_null_sim_534,IV:1063857,0.388225038877679,0.297054816675046,FALSE,FALSE,0.410916457881891,0.527163401245772,1.28289678141169
0,535,Trait_null_sim_535,IV:1073431,0.433920784449108,0.278351141326912,FALSE,FALSE,0.362589547023655,0.555406993609913,1.53177883413633
0,536,Trait_null_sim_536,IV:1115391,0.691581157785894,0.60513701336066,FALSE,FALSE,0.160156847643757,0.218146282521754,1.36207902272767
0,537,Trait_null_sim_537,IV:1130512,0.76426672685155,0.387987142317843,FALSE,FALSE,0.116755047466339,0.411182666449442,3.52175495083404
0,538,Trait_null_sim_538,IV:1144939,0.971112569552547,0.223864650628785,FALSE,FALSE,0.0127304245699871,0.650014478323052,51.0599214307044
0,539,Trait_null_sim_539,IV:1153056,0.10354146855321,0.841375418445318,FALSE,FALSE,0.984885679608824,0.075010180445363,0.0761613068383281
0,540,Trait_null_sim_540,IV:1177760,0.586102993348298,0.958359693802659,FALSE,FALSE,0.232026060581649,0.018471459903835,0.0796094191209823
0,541,Trait_null_sim_541,IV:1205357,0.931287672661668,0.600286326730658,FALSE,FALSE,0.0309161457087176,0.221641548853112,7.16911968721297
0,542,Trait_null_sim_542,IV:1212189,0.588348974154126,0.136483472878704,FALSE,FALSE,0.230364999445897,0.864919935232323,3.7545631381188
0,543,Trait_null_sim_543,IV:1212576,0.374266764182747,0.987662463499856,FALSE,FALSE,0.426818737600803,0.0053914514502456,0.0126317121889999
0,544,Trait_null_sim_544,IV:1220516,0.649824234203762,0.818278624049065,FALSE,FALSE,0.187204096338663,0.0870987937814879,0.465261153388017
0,545,Trait_null_sim_545,IV:1277708,0.511431887787475,0.844308685853991,FALSE,FALSE,0.291212197196664,0.0734987428847149,0.252388957578859
0,546,Trait_null_sim_546,IV:1310724,0.160345998298321,0.988315028451851,FALSE,FALSE,0.794941874143047,0.0051046006443107,0.00642135080607434
0,547,Trait_null_sim_547,IV:1355579,0.554308476734565,0.14109106317781,FALSE,FALSE,0.256248479930185,0.850500493938633,3.31904600632306
0,548,Trait_null_sim_548,IV:1393419,0.964740518667614,0.14091981421218,FALSE,FALSE,0.0155894809198934,0.851027938061602,54.5898829110868
0,549,Trait_null_sim_549,IV:1412534,0.711488124277338,0.439316571179487,FALSE,FALSE,0.147832344495879,0.357222414681241,2.41640228259519
0,550,Trait_null_sim_550,IV:1426209,0.48507147478646,0.995652905351691,FALSE,FALSE,0.314194263834221,0.00189203463089308,0.00602186242296064
0,551,Trait_null_sim_551,IV:1433593,0.885613115728634,0.349870740392973,FALSE,FALSE,0.0527559602792967,0.456092375942968,8.64532412126246
0,552,Trait_null_sim_552,IV:1475786,0.412000227607168,0.7149975778421,FALSE,FALSE,0.385102544043298,0.145695429431916,0.378328919622859
0,553,Trait_null_sim_553,IV:1535206,0.767525167326498,0.0815223321358218,FALSE,FALSE,0.114907375001498,1.08872340482068,9.47479136832158
0,554,Trait_null_sim_554,IV:1542816,0.166139969653199,0.238174726869225,FALSE,FALSE,0.779525873198153,0.623104324144407,0.799337578864449
0,555,Trait_null_sim_555,IV:1557508,0.832686805895358,0.930558107869877,FALSE,FALSE,0.0795183167782784,0.0312565025554508,0.393072990247059
0,556,Trait_null_sim_556,IV:1663864,0.270715223962858,0.79631914307468,FALSE,FALSE,0.567487320523728,0.0989128439475232,0.174299654583009
0,557,Trait_null_sim_557,IV:1711210,0.150589727524355,0.661325242325588,FALSE,FALSE,0.82220465251545,0.179584900260644,0.218418735178915
0,558,Trait_null_sim_558,IV:1718623,0.384691598622558,0.670653109236034,FALSE,FALSE,0.414887298257014,0.173502057625273,0.418190815564067
0,559,Trait_null_sim_559,IV:1733524,0.80630303519246,0.0664502912370089,FALSE,FALSE,0.0935017053688773,1.1775031112999,12.5933864698455
0,560,Trait_null_sim_560,IV:1758910,0.717076003125555,0.210284747667429,FALSE,FALSE,0.144434810875124,0.677192226334561,4.68856657360844
0,561,Trait_null_sim_561,IV:1856477,0.877007617804643,0.256436433823087,FALSE,FALSE,0.0569966342780279,0.591020271336442,10.3693889792415
0,562,Trait_null_sim_562,IV:1872635,0.889058225284502,0.600701591200303,FALSE,FALSE,0.0510697957320179,0.221341217647125,4.33409248019287
0,563,Trait_null_sim_563,IV:1895159,0.917745606410089,0.765835819895174,FALSE,FALSE,0.0372776859483793,0.115864324565758,3.1081415495104
0,564,Trait_null_sim_564,IV:1905645,0.112474305038789,0.146412235086158,FALSE,FALSE,0.948946681592058,0.834422629504552,0.879314555486544
0,565,Trait_null_sim_565,IV:1906914,0.266515209446652,0.575788186740964,FALSE,FALSE,0.574278001683289,0.239737249645228,0.417458528696074
0,566,Trait_null_sim_566,IV:1914938,0.337308637526335,0.473537482313512,FALSE,FALSE,0.471972537607138,0.324645639221082,0.687848578790217
0,567,Trait_null_sim_567,IV:1921650,0.822864944595058,0.760603588689384,FALSE,FALSE,0.084671438943537,0.118841629825935,1.4035621847077
0,568,Trait_null_sim_568,IV:1938437,0.0677987540694422,0.858827550108152,FALSE,FALSE,1.16877828704353,0.0660940323913135,0.0565496750957798
0,569,Trait_null_sim_569,IV:2027746,0.423961390830969,0.878199294402674,FALSE,FALSE,0.372673691785894,0.0564069161693997,0.1513573869384
0,570,Trait_null_sim_570,IV:2039120,0.940395439959915,0.208522068195657,FALSE,FALSE,0.0266894854648436,0.680847976237312,25.5099701016774
0,571,Trait_null_sim_571,IV:2051930,0.0712382509146658,0.602606513418966,FALSE,FALSE,1.14728675214302,0.219966178459828,0.191727288795894
0,572,Trait_null_sim_572,IV:2052489,0.680149520033778,0.830860537995995,FALSE,FALSE,0.167395604076796,0.0804718675055395,0.480728678326712
0,573,Trait_null_sim_573,IV:2079778,0.914391638233728,0.0543526750707997,FALSE,FALSE,0.0388677540536704,1.26477907641858,32.5405752715251
0,574,Trait_null_sim_574,IV:2088555,0.803887670216838,0.113401792918534,FALSE,FALSE,0.0948046323625043,0.945380079054486,9.97187643151907
0,575,Trait_null_sim_575,IV:2202760,0.660107650094135,0.665446820017045,FALSE,FALSE,0.18038523411038,0.176886645968395,0.980604908382668
0,576,Trait_null_sim_576,IV:2221176,0.472522095185819,0.102176802804513,FALSE,FALSE,0.325577879021547,0.990647690869661,3.04273648396149
0,577,Trait_null_sim_577,IV:2300184,0.72218948184067,0.548406181521721,FALSE,FALSE,0.141348841043257,0.26089765857683,1.84577147326583
0,578,Trait_null_sim_578,IV:2378392,0.560761827263433,0.672514030110006,FALSE,FALSE,0.251221557760908,0.172298650900577,0.685843414220673
0,579,Trait_null_sim_579,IV:2403240,0.811291782117599,0.842177418672834,FALSE,FALSE,0.0908229231335185,0.0745964075099806,0.82133898509649
0,580,Trait_null_sim_580,IV:2407992,0.906321471220348,0.0256153790040365,FALSE,TRUE,0.0427177312262328,1.59149921393779,37.2561736836916
0,581,Trait_null_sim_581,IV:2457799,0.876626642065465,0.385523479712685,FALSE,FALSE,0.0571853345876116,0.41394916677222,7.23872947071813
0,582,Trait_null_sim_582,IV:2462895,0.432781184183715,0.901629092264974,FALSE,FALSE,0.363731629100237,0.0449720836452841,0.123640838594465
0,583,Trait_null_sim_583,IV:2477166,0.348109332121266,0.118499732557344,FALSE,FALSE,0.458284333985333,0.926282629814222,2.02119636462168
0,584,Trait_null_sim_584,IV:2490038,0.672966515011378,0.913909475215629,FALSE,FALSE,0.172006544553992,0.0390968199788097,0.227298444255052
0,585,Trait_null_sim_585,IV:2537574,0.329695337992874,0.978416928461087,FALSE,FALSE,0.48188719388895,0.00947604179184897,0.0196644399602632
0,586,Trait_null_sim_586,IV:2545449,0.450549156074786,0.305634545019592,FALSE,FALSE,0.346257819452028,0.514797560228884,1.48674638176714
0,587,Trait_null_sim_587,IV:2616835,0.660470245878696,0.90217046070842,FALSE,FALSE,0.180146742533573,0.0447113968806855,0.24819431232487
0,588,Trait_null_sim_588,IV:2636844,0.665328560526401,0.596084778971712,FALSE,FALSE,0.176963833215928,0.224691967741051,1.26970558705566
0,589,Trait_null_sim_589,IV:2638510,0.019436786949888,0.243012522777932,TRUE,FALSE,1.71137552568872,0.614371346018055,0.358992714805132
0,590,Trait_null_sim_590,IV:2671362,0.413592857719395,0.903850736431322,FALSE,FALSE,0.383426969623585,0.0439032837907175,0.114502336217554
0,591,Trait_null_sim_591,IV:2691789,0.0632085985651955,0.197717690023556,FALSE,FALSE,1.19922383856244,0.70395447213339,0.587008404517085
0,592,Trait_null_sim_592,IV:2712140,0.480848198010239,0.338927809843369,FALSE,FALSE,0.317992007143461,0.469892794792001,1.47768743942048
0,593,Trait_null_sim_593,IV:2745087,0.926539181856559,0.191924541711528,FALSE,FALSE,0.0331362103393742,0.716869487753248,21.6340215254315
0,594,Trait_null_sim_594,IV:2851271,0.796990997860727,0.818817344696503,FALSE,FALSE,0.0985465840009909,0.0868129664172022,0.880933289542836
0,595,Trait_null_sim_595,IV:2870341,0.30461393193198,0.210318180358631,FALSE,FALSE,0.516250237497634,0.677123184336194,1.31161815560288
0,596,Trait_null_sim_596,IV:2978967,0.653639363398677,0.801920965851638,FALSE,FALSE,0.184661801653015,0.0958684319476114,0.519156810393038
0,597,Trait_null_sim_597,IV:3248007,0.349295849968973,0.712229655074357,FALSE,FALSE,0.456806574242919,0.147379947585343,0.322630968763093
0,598,Trait_null_sim_598,IV:3365714,0.367455240339178,0.907131704052616,FALSE,FALSE,0.434795554695655,0.0423296542950795,0.0973553060465605
0,599,Trait_null_sim_599,IV:3419692,0.0354455768277972,0.724336445136311,TRUE,FALSE,1.4504379517117,0.140059662633893,0.0965637050992808
0,600,Trait_null_sim_600,IV:3432080,0.995489671148553,0.960944359114078,FALSE,FALSE,0.00196324170031779,0.0173017582516435,8.81285185050975
0,601,Trait_null_sim_601,IV:3616138,0.757165097087778,0.621495694788472,FALSE,FALSE,0.120809413846575,0.206561875447253,1.70981605547381
0,602,Trait_null_sim_602,IV:3677532,0.652812932770365,0.861583918823711,FALSE,FALSE,0.185211250431938,0.064702415595986,0.349343873253332
0,603,Trait_null_sim_603,IV:3725246,0.37689220699988,0.386939882326727,FALSE,FALSE,0.423782842364509,0.412356504753396,0.973037281199588
0,604,Trait_null_sim_604,IV:3772615,0.135064856945083,0.246462016611655,FALSE,FALSE,0.869457637064217,0.608250002338199,0.699574052155084
0,605,Trait_null_sim_605,IV:3848210,0.860102849909222,0.666132439923821,FALSE,FALSE,0.0654496133176941,0.176439416160201,2.69580532590406
0,606,Trait_null_sim_606,IV:3986155,0.728381067709991,0.265815328442097,FALSE,FALSE,0.137641351037382,0.575419978751175,4.18057491018741
0,607,Trait_null_sim_607,IV:4014695,0.964291513051006,0.828307554438292,FALSE,FALSE,0.0157916555462879,0.0818083777139914,5.18048139247957
0,608,Trait_null_sim_608,IV:4055327,0.899457149060202,0.300267342205908,FALSE,FALSE,0.0460195220015741,0.522491900138785,11.3537011558032
0,609,Trait_null_sim_609,IV:4069814,0.860269227705036,0.837755460959708,FALSE,FALSE,0.0653656117696579,0.0768827325085823,1.17619540959105
0,610,Trait_null_sim_610,IV:4110471,0.165213740922913,0.577129406032256,FALSE,FALSE,0.781953834988845,0.238726796853726,0.305295256793684
0,611,Trait_null_sim_611,IV:4244916,0.924675285917186,0.208068994005262,FALSE,FALSE,0.0340107497392542,0.681792632598023,20.0463864461982
0,612,Trait_null_sim_612,IV:4246469,0.882550714481584,0.498852930074798,FALSE,FALSE,0.0542603291280438,0.302027472555455,5.5662668732202
0,613,Trait_null_sim_613,IV:4303013,0.867876244785262,0.877597909673556,FALSE,FALSE,0.0615421988311901,0.0567044198662545,0.921390865831662
0,614,Trait_null_sim_614,IV:4361453,0.784552782579037,0.615178197417369,FALSE,FALSE,0.105377832941679,0.21099906480142,2.00230977342452
0,615,Trait_null_sim_615,IV:4429323,0.219735311231759,0.38995157098852,FALSE,FALSE,0.658100146808034,0.408989325687426,0.621469737806831
0,616,Trait_null_sim_616,IV:4432995,0.825219940719832,0.320862311650535,FALSE,FALSE,0.083430286224874,0.493681291952321,5.91729112161591
0,617,Trait_null_sim_617,IV:4640107,0.598551086648561,0.689397793816004,FALSE,FALSE,0.222898776414261,0.16153011073815,0.724679216892354
0,618,Trait_null_sim_618,IV:4675064,9.52715735610658e-05,0.751490039530455,TRUE,FALSE,4.02103666166134,0.124076771305454,0.0308569112260195
0,619,Trait_null_sim_619,IV:5272415,0.892493276827499,0.153479774983463,FALSE,FALSE,0.0493950467538261,0.81394884619194,16.4783495448133
0,620,Trait_null_sim_620,IV:5366597,0.953844363937764,0.853369295089669,FALSE,FALSE,0.0205224821062839,0.068862987458688,3.35549019373259
0,621,Trait_null_sim_621,IV:5519552,0.794528192728315,0.269983568274812,FALSE,FALSE,0.0998906878472817,0.568662667043734,5.69284964693742
0,622,Trait_null_sim_622,IV:5600583,0.955758012247905,0.780123227033091,FALSE,FALSE,0.0196520525446473,0.107836791420348,5.4873042485183
0,623,Trait_null_sim_623,IV:5681748,0.418613635393089,0.432218585960658,FALSE,FALSE,0.378186629605713,0.364296561824357,0.963271922659354
0,624,Trait_null_sim_624,IV:5883674,0.000991194327997655,0.839002692255375,TRUE,FALSE,3.00384119182809,0.0762366455720419,0.0253797190675202
0,625,Trait_null_sim_625,IV:5891866,0.949252360368913,0.328631232643238,FALSE,FALSE,0.0226183142893824,0.483291164211871,21.3672494788323
0,626,Trait_null_sim_626,IV:6382565,0.607444259492491,0.314348413885732,FALSE,FALSE,0.216493567779819,0.502588726636879,2.32149496075573
0,627,Trait_null_sim_627,IV:6606060,0.594897850162836,0.775327458599883,FALSE,FALSE,0.225557600522176,0.110514835007352,0.489962806624586
0,628,Trait_null_sim_628,IV:6933332,0.960466204881512,0.876510431960008,FALSE,FALSE,0.0175179116889984,0.0572429106988726,3.26767891716352
0,629,Trait_null_sim_629,IV:6985454,0.680450073764995,0.89702615729883,FALSE,FALSE,0.167203734507377,0.0471948927363835,0.282259800449021
0,630,Trait_null_sim_630,IV:7394549,0.81357274382932,0.712736772267502,FALSE,FALSE,0.08960360949879,0.147070834045917,1.64134943746773
0,631,Trait_null_sim_631,IV:7420153,0.0269589429505528,0.900107463624249,TRUE,FALSE,1.56929714031705,0.0457056371463484,0.0291249094719654
0,632,Trait_null_sim_632,IV:7526964,0.0172532095946737,0.63798641545021,TRUE,FALSE,1.76313010177365,0.195188568548153,0.110705709324457
0,633,Trait_null_sim_633,IV:7705207,0.880513619486231,0.783176355983136,FALSE,FALSE,0.0552639221249022,0.106140432314539,1.92060983429027
0,634,Trait_null_sim_634,IV:7719257,0.955204458066535,0.60249207396233,FALSE,FALSE,0.0199036592997375,0.220048662042829,11.0556887419054
0,635,Trait_null_sim_635,IV:7775931,0.581829601133092,0.815682640176472,FALSE,FALSE,0.235204187382989,0.0884787804975356,0.37617859393576
0,636,Trait_null_sim_636,IV:7857231,0.420724306123813,0.0394778312660246,FALSE,TRUE,0.376002397156949,1.40364671352694,3.73307916156991
0,637,Trait_null_sim_637,IV:8000380,0.0319905727202265,0.886815876075256,TRUE,FALSE,1.49497798476717,0.0521665406024748,0.0348945209454701
0,638,Trait_null_sim_638,IV:8014478,0.727800136615237,0.569443259986055,FALSE,FALSE,0.137987867228434,0.24454954305563,1.77225395223181
0,639,Trait_null_sim_639,IV:8112614,0.612836062288128,0.595197812435563,FALSE,FALSE,0.212655686600117,0.225338673646502,1.05964094941056
0,640,Trait_null_sim_640,IV:8129515,0.567667087367351,0.760871887546997,FALSE,FALSE,0.245906284899308,0.118688461777695,0.48265729290447
0,641,Trait_null_sim_641,IV:9276598,0.700284586041073,0.752182784077139,FALSE,FALSE,0.154725432799486,0.123676610910779,0.799329552181996
0,642,Trait_null_sim_642,IV:9595582,0.0178408531340491,0.602383354804617,TRUE,FALSE,1.74858438187969,0.220127037166552,0.125888712862642
0,643,Trait_null_sim_643,IV:10271588,0.603202951640881,0.689400591895918,FALSE,FALSE,0.219536542008622,0.161528348057429,0.735769756504069
0,644,Trait_null_sim_644,IV:10357384,0.794033250581979,0.708911714310034,FALSE,FALSE,0.100161310870238,0.149407847151745,1.49167224204271
0,645,Trait_null_sim_645,IV:10400748,0.970157358515938,0.729071389937925,FALSE,FALSE,0.0131578179064155,0.137229943920569,10.4295366372002
0,646,Trait_null_sim_646,IV:10515538,0.664607875968987,0.711141547672034,FALSE,FALSE,0.17743451639826,0.148043947435402,0.834358220940002
0,647,Trait_null_sim_647,IV:10545333,0.078490660085845,0.76311790251779,FALSE,FALSE,1.10518201859877,0.117408357907364,0.106234408388424
0,648,Trait_null_sim_648,IV:10607083,0.0515732759042493,0.54198308612194,FALSE,FALSE,1.28757528158625,0.266014266447824,0.206600942292169
0,649,Trait_null_sim_649,IV:10615944,0.711876499420059,0.65350815087959,FALSE,FALSE,0.147595343824695,0.184748991312277,1.25172641985042
0,650,Trait_null_sim_650,IV:10917169,0.344398190635193,0.536684411287336,FALSE,FALSE,0.462939138865351,0.270281019190722,0.583837045736016
0,651,Trait_null_sim_651,IV:11232002,0.896606460069744,0.836134404493665,FALSE,FALSE,0.0473981363574281,0.0777239062472826,1.63980933050128
0,652,Trait_null_sim_652,IV:11233799,0.515221256024838,0.377879986020333,FALSE,FALSE,0.288006227977696,0.422646109382552,1.46748947878753
0,653,Trait_null_sim_653,IV:11375159,0.772256026280575,0.497170986711868,FALSE,FALSE,0.112238694007168,0.303494223309933,2.70400708057554
0,654,Trait_null_sim_654,IV:11460255,0.838974464592713,0.0147987463378571,FALSE,TRUE,0.0762512573539511,1.82977507390314,23.996654447408
0,655,Trait_null_sim_655,IV:11582356,0.519594556356756,0.864729051899952,FALSE,FALSE,0.284335407553988,0.063119949989463,0.221991170682737
0,656,Trait_null_sim_656,IV:11644426,0.27615617372383,0.903558932557668,FALSE,FALSE,0.558845243281436,0.0440435163184075,0.0788116510749776
0,657,Trait_null_sim_657,IV:12166484,0.0168647870601107,0.970287533019404,TRUE,FALSE,1.77301913797331,0.0130995487240532,0.0073882726043369
0,658,Trait_null_sim_658,IV:12335729,0.664097246162298,0.838862113628566,FALSE,FALSE,0.177768320663125,0.0763094196380159,0.429263320671313
0,659,Trait_null_sim_659,IV:12581579,0.718169669670587,0.555737344156542,FALSE,FALSE,0.143772940302742,0.255130418733446,1.77453711523337
0,660,Trait_null_sim_660,IV:13034418,0.747607674897928,0.84697253785032,FALSE,FALSE,0.126326248827836,0.0721306709602252,0.570987198856262
0,661,Trait_null_sim_661,IV:13297500,0.35250433018711,0.945024852703099,FALSE,FALSE,0.452835543736932,0.0245567700622819,0.0542288925900829
0,662,Trait_null_sim_662,IV:13520367,0.653020160250553,0.113052431839632,FALSE,FALSE,0.185073410837612,0.946720091229514,5.1153760388638
0,663,Trait_null_sim_663,IV:13606952,0.812496608356901,0.946513395398323,FALSE,FALSE,0.0901784432413424,0.0238732353648348,0.264733283329625
0,664,Trait_null_sim_664,IV:13640697,0.910018926960143,0.571336491418722,FALSE,FALSE,0.040949574943886,0.243108036545668,5.93676581207018
0,665,Trait_null_sim_665,IV:13812486,0.0369933988049644,0.82621691692342,TRUE,FALSE,1.43187576561808,0.0829059170194702,0.0579002166320506
0,666,Trait_null_sim_666,IV:14035933,0.809649544334417,0.359009350056241,FALSE,FALSE,0.0917029242040031,0.444894240488666,4.85147277854467
0,667,Trait_null_sim_667,IV:14054499,0.958299118059952,0.410101696173611,FALSE,FALSE,0.0184989115406528,0.387108434474241,20.9260114371345
0,668,Trait_null_sim_668,IV:14079467,0.82258812273087,0.896843269662543,FALSE,FALSE,0.0848175655169514,0.0472834466638089,0.557472339315835
0,669,Trait_null_sim_669,IV:14190195,0.577842918367826,0.884198893449561,FALSE,FALSE,0.238190204758864,0.053450032937327,0.224400633902801
0,670,Trait_null_sim_670,IV:14270605,0.94369014251511,0.82829588506272,FALSE,FALSE,0.0251705814287857,0.0818144961914707,3.25040152222728
0,671,Trait_null_sim_671,IV:14374505,0.889133095982333,0.639147082002893,FALSE,FALSE,0.0510332238170001,0.194399189491162,3.80926727631901
0,672,Trait_null_sim_672,IV:14380359,0.916194022996059,0.714129762877297,FALSE,FALSE,0.0380125457713487,0.146222866401473,3.84670017317509
0,673,Trait_null_sim_673,IV:14423062,0.0528941758232065,0.810845359868596,FALSE,FALSE,1.27659214549023,0.0910619642345661,0.0713320730949641
0,674,Trait_null_sim_674,IV:14652346,0.976492383675815,0.551329920771914,FALSE,FALSE,0.0103311397191536,0.258588437643123,25.0300010137031
0,675,Trait_null_sim_675,IV:14701484,0.876108365131135,0.828779138534893,FALSE,FALSE,0.0574421729782563,0.081561189226745,1.41988342358877
0,676,Trait_null_sim_676,IV:14824981,0.606599739364238,0.992192005093564,FALSE,FALSE,0.21709778062723,0.00340427675330785,0.0156808454857177
0,677,Trait_null_sim_677,IV:14976235,0.235186995896546,0.213174421586946,FALSE,FALSE,0.62858669520859,0.671264906728331,1.06789550565587
0,678,Trait_null_sim_678,IV:15005638,0.414004137754056,0.474139243044215,FALSE,FALSE,0.382995318312014,0.324094097977318,0.846209033065226
0,679,Trait_null_sim_679,IV:15009319,0.501945969852728,0.434594449633806,FALSE,FALSE,0.299343028388195,0.361915824515271,1.20903375122514
0,680,Trait_null_sim_680,IV:15038308,0.610239908740228,0.158426062850305,FALSE,FALSE,0.21449939358168,0.800173370593921,3.73042253049177
0,681,Trait_null_sim_681,IV:15051395,0.562258940223137,0.816546071813765,FALSE,FALSE,0.250063630318819,0.0880193061263278,0.351987636163274
0,682,Trait_null_sim_682,IV:15109294,0.0277010431112842,0.900741707208561,TRUE,FALSE,1.55750387682201,0.0453997275735765,0.0291490302202084
0,683,Trait_null_sim_683,IV:15136339,2.85013219476111e-06,0.289669077344777,TRUE,FALSE,5.54513499608839,0.538097863979242,0.097039632823876
0,684,Trait_null_sim_684,IV:15205747,0.851107317801619,0.534868640360701,FALSE,FALSE,0.0700156754142231,0.271752864280246,3.88131461522746
0,685,Trait_null_sim_685,IV:15217206,0.365130702380846,0.807839727720037,FALSE,FALSE,0.437551647428331,0.09267479302622,0.211803094722434
0,686,Trait_null_sim_686,IV:15234422,0.902186636582073,0.304397618005373,FALSE,FALSE,0.0447036100709922,0.516558750361288,11.5551909463455
0,687,Trait_null_sim_687,IV:15254432,0.959991129430099,0.361525235556803,FALSE,FALSE,0.0177327799368464,0.441861382240683,24.917772837329
0,688,Trait_null_sim_688,IV:15327832,0.840978805342605,0.974035981447673,FALSE,FALSE,0.0752149493135526,0.0114249997378682,0.151897991584627
0,689,Trait_null_sim_689,IV:15559567,0.685134902517546,0.511401860034616,FALSE,FALSE,0.16422390784965,0.291237696721688,1.77341838064359
0,690,Trait_null_sim_690,IV:15560684,0.511453463435441,0.999567560890781,FALSE,FALSE,0.291193876111421,0.000187846537915589,0.000645090962846047
0,691,Trait_null_sim_691,IV:15561707,0.319633678650287,0.405191090171344,FALSE,FALSE,0.495347466900656,0.392340112995773,0.792050306526467
0,692,Trait_null_sim_692,IV:15562184,0.714057888220121,0.3125926955428,FALSE,FALSE,0.146266578818399,0.505021174501473,3.45274483467952
0,693,Trait_null_sim_693,IV:15767529,0.590690162497445,0.470315571661268,FALSE,FALSE,0.22864026193154,0.327610641975569,1.43286505713356
0,694,Trait_null_sim_694,IV:15852000,0.623331330921706,0.77796388420008,FALSE,FALSE,0.205281043323886,0.109040564008618,0.531176976904667
0,695,Trait_null_sim_695,IV:15877287,0.765578500284509,0.361942461688,FALSE,FALSE,0.116010271337413,0.441360464156122,3.80449471471741
0,696,Trait_null_sim_696,IV:15986656,0.239533283900848,0.931972307988556,FALSE,FALSE,0.620634131476377,0.0305969917945536,0.0492995635315268
0,697,Trait_null_sim_697,IV:15999689,0.0253984467042328,0.371832366678056,TRUE,FALSE,1.5951928427662,0.429652809136826,0.269342237263158
0,698,Trait_null_sim_698,IV:16180710,0.95806300752403,0.346804557486626,FALSE,FALSE,0.0186059283742877,0.459915203934329,24.7187452666917
0,699,Trait_null_sim_699,IV:16203225,0.742477665737142,0.733547734058054,FALSE,FALSE,0.129316605705028,0.134571620111774,1.04063681054801
0,700,Trait_null_sim_700,IV:16276783,0.981227305197379,0.70345523565944,FALSE,FALSE,0.00823037492595468,0.152763533658715,18.5609446754329
0,701,Trait_null_sim_701,IV:16448349,0.41141620455712,0.823162800815897,FALSE,FALSE,0.385718606634629,0.0845142638109994,0.219108599785686
0,702,Trait_null_sim_702,IV:16548100,0.351361678538687,0.774872633264629,FALSE,FALSE,0.454245606832562,0.110769677127457,0.243854151721686
0,703,Trait_null_sim_703,IV:16610446,0.627228507413749,0.709868005150434,FALSE,FALSE,0.202574211275257,0.148822397709133,0.734656187341209
0,704,Trait_null_sim_704,IV:16610955,0.985665635489672,0.574145044588179,FALSE,FALSE,0.00627038454056509,0.240978379192871,38.4311963060489
0,705,Trait_null_sim_705,IV:16637841,0.635170821124136,0.662440635691645,FALSE,FALSE,0.197109461015223,0.178853034744677,0.907379249192224
0,706,Trait_null_sim_706,IV:16652234,0.437660258457037,0.302742894839406,FALSE,FALSE,0.35886288751165,0.518926040648159,1.4460287165563
0,707,Trait_null_sim_707,IV:16862761,0.246030995757255,0.227967151805448,FALSE,FALSE,0.609010175667535,0.64212772675997,1.05437930664481
0,708,Trait_null_sim_708,IV:17444415,0.84193735590128,0.606713501209257,FALSE,FALSE,0.0747202208501123,0.217016340583497,2.90438569525683
0,709,Trait_null_sim_709,V:7776,0.994186654341119,0.0954007197031239,FALSE,FALSE,0.00253207099475738,1.02044834896555,403.009374965541
0,710,Trait_null_sim_710,V:121900,0.997960783052758,0.813283139874484,FALSE,FALSE,0.000886524883398311,0.0897582309401989,101.24727756781
0,711,Trait_null_sim_711,V:251110,0.995002388071369,0.900086956542365,FALSE,FALSE,0.00217587691761801,0.0457155317581776,21.0101644022327
0,712,Trait_null_sim_712,V:324196,0.934787063130079,0.362824185962574,FALSE,FALSE,0.0292873066029785,0.440303770454325,15.0339454707503
0,713,Trait_null_sim_713,V:383781,0.910038090951188,0.326447621001024,FALSE,FALSE,0.0409404292792387,0.486186491984905,11.8754615069817
0,714,Trait_null_sim_714,V:428792,0.597364339353711,0.783791606773079,FALSE,FALSE,0.223760706881142,0.105799391472427,0.472823816777744
0,715,Trait_null_sim_715,V:445840,0.967187109970661,0.329410434500884,FALSE,FALSE,0.0144895000979847,0.482262648109853,33.2835946615529
0,716,Trait_null_sim_716,V:474854,0.104297660918351,0.816397431887609,FALSE,FALSE,0.981725431378301,0.0880983700985378,0.0897382987979147
0,717,Trait_null_sim_717,V:612759,0.315481325147895,0.65081611358116,FALSE,FALSE,0.501026343631451,0.186541702888301,0.372319150997614
0,718,Trait_null_sim_718,V:748455,0.906564215686849,0.272964191676757,FALSE,FALSE,0.0426014276074164,0.563894321373839,13.2365123199691
0,719,Trait_null_sim_719,V:1037183,0.923831247872822,0.674239696840566,FALSE,FALSE,0.0344073521682503,0.171185681344447,4.9752646035463
0,720,Trait_null_sim_720,V:1267827,0.825600550309403,0.383367827529097,FALSE,FALSE,0.0832300262349631,0.416384336196739,5.00281394867355
0,721,Trait_null_sim_721,V:1593901,0.926147722087232,0.979068605385974,FALSE,FALSE,0.0333197371078466,0.00918687520744855,0.275718718239379
0,722,Trait_null_sim_722,V:1644847,0.274686728740984,0.888983403293759,FALSE,FALSE,0.56116232264638,0.0511063469321717,0.0910723063001803
0,723,Trait_null_sim_723,V:1662619,0.78758162765947,0.978517738650687,FALSE,FALSE,0.103704423436886,0.0094312970082471,0.0909440185450423
0,724,Trait_null_sim_724,V:1754307,0.8451264122172,0.930592413737918,FALSE,FALSE,0.0730783253435051,0.0312404921908768,0.427493268955339
0,725,Trait_null_sim_725,V:1803338,0.301628614956621,0.54771773042838,FALSE,FALSE,0.520527460122345,0.261443200092628,0.502265913178103
0,726,Trait_null_sim_726,V:1938253,0.371593019692357,0.973950629870757,FALSE,FALSE,0.429932452745038,0.0114630572057016,0.0266624608877793
0,727,Trait_null_sim_727,V:1986158,0.74730362363125,0.727371186667572,FALSE,FALSE,0.126502911870365,0.138243906634515,1.09281205144259
0,728,Trait_null_sim_728,V:2079280,0.888415737166322,0.718996322621811,FALSE,FALSE,0.0513837570754308,0.143273330853751,2.78830001946777
0,729,Trait_null_sim_729,V:2178233,0.4352665806717,0.808659874935242,FALSE,FALSE,0.36124467625412,0.0922341057041948,0.255323086448234
0,730,Trait_null_sim_730,V:2197348,0.476765879299062,0.675902499334246,FALSE,FALSE,0.321694833306366,0.170115947630979,0.528811563065947
0,731,Trait_null_sim_731,V:2244737,3.31212408553276e-07,0.00615079957461264,TRUE,TRUE,6.47989340115869,2.21106842434317,0.341219876232501
0,732,Trait_null_sim_732,V:2722243,0.938646355407118,0.267237738518659,FALSE,FALSE,0.0274980017958032,0.573102212090553,20.8415948310114
0,733,Trait_null_sim_733,V:2746187,0.918173924715087,0.976220136454439,FALSE,FALSE,0.0370750449539568,0.0104522384118737,0.281921125782969
0,734,Trait_null_sim_734,V:3072751,0.96855320742562,0.924250293895658,FALSE,FALSE,0.013876516342267,0.0342104026566762,2.46534517834807
0,735,Trait_null_sim_735,V:3175155,0.936545647581864,0.603954746053567,FALSE,FALSE,0.0284710500989076,0.218995601570119,7.69186948880825
0,736,Trait_null_sim_736,V:3442922,0.569108787575151,0.641958120586689,FALSE,FALSE,0.244804708424476,0.192493303070334,0.786313728641864
0,737,Trait_null_sim_737,V:3757927,0.943757205824902,0.879310980279174,FALSE,FALSE,0.0251397194019128,0.0558575036133331,2.22188254054591
0,738,Trait_null_sim_738,V:3805337,0.957344348511369,0.786652969805083,FALSE,FALSE,0.0189318221401555,0.104216813431578,5.50484853808808
0,739,Trait_null_sim_739,V:3948757,0.160375840370671,0.101230314442705,FALSE,FALSE,0.794861054904534,0.994689414139141,1.2514003648834
0,740,Trait_null_sim_740,V:4130119,0.844651083578026,0.289570670867356,FALSE,FALSE,0.0733226564593387,0.538245427714882,7.34077914939386
0,741,Trait_null_sim_741,V:4132716,0.432860063756612,0.692692607025366,FALSE,FALSE,0.363652480923274,0.159459447479694,0.438494045399728
0,742,Trait_null_sim_742,V:4327316,0.235279228200253,0.00837826167839642,FALSE,TRUE,0.62841641313938,2.07684607943567,3.30488834475275
0,743,Trait_null_sim_743,V:4439252,0.64196767967791,0.56489700580821,FALSE,FALSE,0.192486836247145,0.248030727201039,1.28855942586421
0,744,Trait_null_sim_744,V:4543496,0.133933592733279,0.899771766184656,FALSE,FALSE,0.873110481173614,0.0458676386238699,0.0525336021189617
0,745,Trait_null_sim_745,V:4568605,0.994360827628305,0.417372704898137,FALSE,FALSE,0.00245599285390387,0.379475956084479,154.510203676404
0,746,Trait_null_sim_746,V:4593651,0.499970292346675,0.324793881490778,FALSE,FALSE,0.301055800170399,0.488392160649523,1.62226457810509
0,747,Trait_null_sim_747,V:4605061,0.761128992118958,0.268973574160883,FALSE,FALSE,0.118541735058376,0.570290386019376,4.81088273036104
0,748,Trait_null_sim_748,V:4651341,0.933704790056428,0.558216735574246,FALSE,FALSE,0.0297904131865711,0.253197147319631,8.49928283081912
0,749,Trait_null_sim_749,V:4683662,0.965050953688868,0.976584956791123,FALSE,FALSE,0.0154497557528853,0.0102899698255214,0.666027993588163
0,750,Trait_null_sim_750,V:4762503,0.223124090589097,0.123854768286744,FALSE,FALSE,0.651453536640951,0.907087268845946,1.39240516449278
0,751,Trait_null_sim_751,V:4819934,0.776366333983813,0.724805653264145,FALSE,FALSE,0.109933305434707,0.139778427952866,1.27148390017149
0,752,Trait_null_sim_752,V:4832755,0.772464897980797,0.811727915075672,FALSE,FALSE,0.112121246478672,0.0905895185211728,0.80796032300983
0,753,Trait_null_sim_753,V:4950603,0.0995639652576255,0.0467584325105806,FALSE,TRUE,1.00189781540602,1.33014005618034,1.32762047758463
0,754,Trait_null_sim_754,V:4962941,0.573105085654681,0.681287921835473,FALSE,FALSE,0.241765737656428,0.166669310351227,0.689383499774809
0,755,Trait_null_sim_755,V:5032259,0.984295004687332,0.488903999541838,FALSE,FALSE,0.0068747189400403,0.310776409919954,45.2056895169786
0,756,Trait_null_sim_756,V:5187364,0.706589219200012,0.704230916361879,FALSE,FALSE,0.150832993107886,0.152284912934344,1.00962600951251
0,757,Trait_null_sim_757,V:5217327,0.729045675175884,0.559798607417441,FALSE,FALSE,0.137245262003769,0.251968186240834,1.83589715639084
0,758,Trait_null_sim_758,V:5749555,0.989608992923958,0.776007038020056,FALSE,FALSE,0.00453636677474689,0.110134339876589,24.2780941985745
0,759,Trait_null_sim_759,V:6185909,0.838618034153301,0.822318258929106,FALSE,FALSE,0.076435802498811,0.0849600664669508,1.11152187442884
0,760,Trait_null_sim_760,V:6243273,0.776731757962839,0.797427938440236,FALSE,FALSE,0.109728937634119,0.098308552599042,0.895921848134928
0,761,Trait_null_sim_761,V:6395747,0.463303046538111,0.665013024945155,FALSE,FALSE,0.33413484400073,0.17716984852184,0.530234579550325
0,762,Trait_null_sim_762,V:6564244,0.932235420870565,0.686753337748835,FALSE,FALSE,0.0304743997982175,0.163199221150388,5.35528910268918
0,763,Trait_null_sim_763,V:6732665,0.937978653529639,0.126696278193388,FALSE,FALSE,0.0278070451601421,0.897236142684161,32.2665043163319
0,764,Trait_null_sim_764,V:6883050,1.73405524528597e-07,0.547409198511857,TRUE,FALSE,6.76093707044652,0.261687909100947,0.0387058637544254
0,765,Trait_null_sim_765,V:7025292,0.859426264527562,0.572301227334055,FALSE,FALSE,0.0657913781770249,0.242375322720239,3.68399825989479
0,766,Trait_null_sim_766,V:7078872,0.554718484765252,0.64890826731164,FALSE,FALSE,0.255927361978039,0.18781669274685,0.733867185185798
0,767,Trait_null_sim_767,V:7397249,0.889213319255789,0.408516116507113,FALSE,FALSE,0.0509940407594057,0.388790805295485,7.62423999952924
0,768,Trait_null_sim_768,V:7424465,0.933998055647818,0.480112952405179,FALSE,FALSE,0.0296540278623077,0.318656577550479,10.7458109579614
0,769,Trait_null_sim_769,V:7630066,0.0664891268647026,0.359853079572538,FALSE,FALSE,1.17724937016684,0.443874776328894,0.377043970102941
0,770,Trait_null_sim_770,V:7863029,0.972123793179186,0.217448721941261,FALSE,FALSE,0.0122784271814205,0.662643140564702,53.9680800133263
0,771,Trait_null_sim_771,V:7953797,0.753648457165282,0.687343757041424,FALSE,FALSE,0.12283118558285,0.162826007557938,1.32560804314725
0,772,Trait_null_sim_772,V:8362764,0.410014216690908,0.729426108640949,FALSE,FALSE,0.387201084442778,0.137018695867639,0.353869607738375
0,773,Trait_null_sim_773,V:8743302,0.768556914806525,0.320211810641695,FALSE,FALSE,0.114323965677362,0.494562653672432,4.32597531709281
0,774,Trait_null_sim_774,V:9255719,0.968949128463378,0.979742042576187,FALSE,FALSE,0.0136990235762701,0.00888825515711813,0.648823991551826
0,775,Trait_null_sim_775,V:9280553,0.296751933681983,0.467912313698057,FALSE,FALSE,0.527606442433425,0.329835525654687,0.625154469557689
0,776,Trait_null_sim_776,V:9574542,0.810144770166952,0.556237939648657,FALSE,FALSE,0.0914373672118078,0.254739392282149,2.78594408445799
0,777,Trait_null_sim_777,V:10278286,0.876660766542697,0.644787066554103,FALSE,FALSE,0.0571684291195305,0.19058368240104,3.33372256919214
0,778,Trait_null_sim_778,V:10388536,0.796991449993345,0.0125822416252558,FALSE,TRUE,0.0985463376260053,1.90024197902165,19.2827255157191
0,779,Trait_null_sim_779,V:10475791,0.0207887210152462,0.382287973460233,TRUE,FALSE,1.68217222895171,0.417609364397957,0.248256009230518
0,780,Trait_null_sim_780,V:10959030,0.854483537729835,0.941171372499982,FALSE,FALSE,0.0682962998735682,0.0263312911797919,0.385544915735363
0,781,Trait_null_sim_781,V:11847307,0.0475719264838236,0.82915155370002,TRUE,FALSE,1.32264926093341,0.0813660811264252,0.0615175039443217
0,782,Trait_null_sim_782,V:12372498,0.683720607368311,0.48453811354305,FALSE,FALSE,0.165121330248461,0.314672055867273,1.90570203978965
0,783,Trait_null_sim_783,V:12551360,0.071540903408127,0.957304759304905,FALSE,FALSE,1.14544557994485,0.0189497819572754,0.0165435899261035
0,784,Trait_null_sim_784,V:12754336,0.897177465633861,0.672493251055134,FALSE,FALSE,0.047121643107093,0.172312069755623,3.65675002809242
0,785,Trait_null_sim_785,V:12917127,0.848573121943589,0.0983752704840406,FALSE,FALSE,0.0713107283747874,1.00711406053311,14.1228968415527
0,786,Trait_null_sim_786,V:13337499,0.785266012770612,0.459496442311249,FALSE,FALSE,0.104983198912887,0.337717846825366,3.21687517929034
0,787,Trait_null_sim_787,V:13370219,0.981955992238891,0.256416060369503,FALSE,FALSE,0.00790797530477866,0.591054776690608,74.7416062785936
0,788,Trait_null_sim_788,V:13504014,0.499729809611232,0.537356069911418,FALSE,FALSE,0.301264743486111,0.269737841019521,0.895351503459138
0,789,Trait_null_sim_789,V:13876313,0.47599626400561,0.800843400976185,FALSE,FALSE,0.322396455952018,0.0964523986984303,0.299173259872265
0,790,Trait_null_sim_790,V:13899269,0.889495639688852,0.135427118016494,FALSE,FALSE,0.0508561764881082,0.868294363526005,17.0735282022045
0,791,Trait_null_sim_791,V:13924301,0.894343082757834,0.559418026812658,FALSE,FALSE,0.0484958476852369,0.252263542935673,5.20175551055408
0,792,Trait_null_sim_792,V:14154181,0.0704886342029525,0.872842870361906,FALSE,FALSE,1.1518809042976,0.0590639311818848,0.0512760746024354
0,793,Trait_null_sim_793,V:14545176,0.703839580612585,0.609190353626963,FALSE,FALSE,0.152526314144341,0.215246982223305,1.41121211399371
0,794,Trait_null_sim_794,V:14616450,0.908180563843485,0.770033789774084,FALSE,FALSE,0.0418277967599222,0.113490217177577,2.71327265523865
0,795,Trait_null_sim_795,V:14784592,0.179460978969108,0.00397408475790032,FALSE,TRUE,0.746029967479267,2.40076287464546,3.21805152513821
0,796,Trait_null_sim_796,V:14824070,0.320064522651399,0.541964662516493,FALSE,FALSE,0.494762462283928,0.266029029650558,0.537690406872243
0,797,Trait_null_sim_797,V:15400200,0.273899522694202,0.851731751914523,FALSE,FALSE,0.562408724560405,0.0696971622833879,0.123926175465833
0,798,Trait_null_sim_798,V:15618179,0.492981036571163,0.666691340384831,FALSE,FALSE,0.307169786343259,0.176075185863648,0.573217789287669
0,799,Trait_null_sim_799,V:15626461,0.782490627667938,0.826799971818631,FALSE,FALSE,0.106520855540585,0.08259954684762,0.775430749485006
0,800,Trait_null_sim_800,V:15792811,0.829764972377347,0.153899907406163,FALSE,FALSE,0.0810449023876353,0.812761641461597,10.0285350159864
0,801,Trait_null_sim_801,V:15872953,0.927387954330179,0.509855387611531,FALSE,FALSE,0.0327385493739092,0.292552987173074,8.9360400130075
0,802,Trait_null_sim_802,V:16166489,0.997995604697863,0.788428623552634,FALSE,FALSE,0.000871371397666938,0.103237617237208,118.477170026033
0,803,Trait_null_sim_803,V:16201055,0.832387632473625,0.0683644246055121,FALSE,FALSE,0.0796743811134157,1.16516983712196,14.6241466935695
0,804,Trait_null_sim_804,V:16340481,0.813860953594477,0.250107024924164,FALSE,FALSE,0.0894497870577963,0.60187410977708,6.72862540620908
0,805,Trait_null_sim_805,V:16367745,0.721369209854796,0.0145346720508216,FALSE,TRUE,0.141842398579248,1.83759476287018,12.955186751467
0,806,Trait_null_sim_806,V:16379173,0.933997002197889,0.564794931892742,FALSE,FALSE,0.0296545177003179,0.248109209018737,8.36665804266572
0,807,Trait_null_sim_807,V:16385942,0.196236633894305,0.270097065580055,FALSE,FALSE,0.707219914320968,0.568480134099525,0.803823708280821
0,808,Trait_null_sim_808,V:16431436,0.0455128195996091,0.779374618973037,TRUE,FALSE,1.34186625834947,0.108253741498727,0.0806740171199187
0,809,Trait_null_sim_809,V:16537507,0.978433337598221,0.778756192794039,FALSE,FALSE,0.00946875825275153,0.108598486739727,11.4691371181823
0,810,Trait_null_sim_810,V:16625100,0.770578281329284,0.86672782913483,FALSE,FALSE,0.113183235696453,0.0621172587659435,0.548820312334384
0,811,Trait_null_sim_811,V:16649162,0.718731270218802,0.0835453932672717,FALSE,FALSE,0.143433459654115,1.07807749231472,7.51622037782859
0,812,Trait_null_sim_812,V:16672886,0.631215666147557,0.716886464468558,FALSE,FALSE,0.199822230906042,0.144549619449519,0.723391080132057
0,813,Trait_null_sim_813,V:16704203,0.376592305488868,0.944013580673193,FALSE,FALSE,0.424128557707203,0.0250217578534107,0.0589956922228388
0,814,Trait_null_sim_814,V:16813641,0.559926381502431,0.957166381276916,FALSE,FALSE,0.251869069795579,0.0190125635921645,0.0754859007006911
0,815,Trait_null_sim_815,V:16881670,0.143936873571335,0.930957691307306,FALSE,FALSE,0.841827934783607,0.0310700556988864,0.0369078459090016
0,816,Trait_null_sim_816,V:16889978,0.0900259594666236,0.845210269848504,FALSE,FALSE,1.0456322413664,0.0730352346303274,0.0698479175956617
0,817,Trait_null_sim_817,V:16898203,0.718234138217942,0.506739043432757,FALSE,FALSE,0.143733956370455,0.29521563272501,2.05390319851859
0,818,Trait_null_sim_818,V:16951100,0.586863380198997,0.687093782991968,FALSE,FALSE,0.231462989265921,0.162983981053761,0.704147049904872
0,819,Trait_null_sim_819,V:17751331,0.650728875669325,0.0543706544676224,FALSE,FALSE,0.186599921304248,1.26463543929981,6.77725601629726
0,820,Trait_null_sim_820,V:17801925,0.679995017024283,0.903552395209529,FALSE,FALSE,0.167494269774332,0.0440466584980614,0.262974121785815
0,821,Trait_null_sim_821,V:17889681,0.0635762942311992,0.326802254158104,FALSE,FALSE,1.1967047900709,0.485714956530536,0.405877005390576
0,822,Trait_null_sim_822,V:18005045,0.205667574693314,0.0747464859639638,FALSE,FALSE,0.68683417326296,1.12640921989093,1.64000171182466
0,823,Trait_null_sim_823,V:18105334,0.31720423541048,0.579582265206788,FALSE,FALSE,0.49866102247953,0.236884912090905,0.475041965207194
0,824,Trait_null_sim_824,V:18105551,0.666622876893532,0.623831553187353,FALSE,FALSE,0.176119786477853,0.204932662556445,1.16359817743826
0,825,Trait_null_sim_825,V:18332087,0.82194998113808,0.734255322701569,FALSE,FALSE,0.0851546101687957,0.134152896542933,1.57540380112142
0,826,Trait_null_sim_826,V:18365016,0.985424998764478,0.565598365050447,FALSE,FALSE,0.00637642451721339,0.247491854604713,38.8135786656927
0,827,Trait_null_sim_827,V:18478715,0.916175728629299,0.536755363608389,FALSE,FALSE,0.0380212177574769,0.270223607117353,7.10717917666415
0,828,Trait_null_sim_828,V:18492131,0.739300964709318,0.549806601765712,FALSE,FALSE,0.131178727093894,0.259790049699523,1.98042819483661
0,829,Trait_null_sim_829,V:18494819,0.709062037375057,0.699526241983865,FALSE,FALSE,0.14931576578873,0.155195988770416,1.03938112596901
0,830,Trait_null_sim_830,V:18505995,0.430834225652535,0.365451361114217,FALSE,FALSE,0.365689803466865,0.437170416258342,1.19546788593452
0,831,Trait_null_sim_831,V:18523506,0.794489006710096,0.743314665912264,FALSE,FALSE,0.0999121077179915,0.128827298298984,1.2894062715863
0,832,Trait_null_sim_832,V:18543303,0.747242081334855,0.885506793914336,FALSE,FALSE,0.126538678564758,0.0528081024036777,0.417327753084225
0,833,Trait_null_sim_833,V:18862088,0.194885394134979,0.208938870373042,FALSE,FALSE,0.71022070826194,0.679980757635005,0.957421755976479
0,834,Trait_null_sim_834,V:18926677,0.720372507603326,0.464630115293129,FALSE,FALSE,0.142442870011309,0.332892644553521,2.3370256758172
0,835,Trait_null_sim_835,V:18942349,0.86211522427602,0.803941115140578,FALSE,FALSE,0.0644346855406871,0.0947757600899264,1.47088108360645
0,836,Trait_null_sim_836,V:18944398,0.878658067835735,0.18659887181184,FALSE,FALSE,0.0561800989226113,0.729090986352506,12.9777447945906
0,837,Trait_null_sim_837,V:18981227,0.415445675534929,0.977485330671667,FALSE,FALSE,0.381485757338032,0.00988975143199533,0.0259243005584402
0,838,Trait_null_sim_838,V:19004280,0.845782939804557,0.179488866200118,FALSE,FALSE,0.0727410792074031,0.74596248579217,10.2550373725587
0,839,Trait_null_sim_839,V:19021483,0.76620068968745,0.360310853710894,FALSE,FALSE,0.115657461427179,0.443322655346894,3.83306576053479
0,840,Trait_null_sim_840,V:19128671,0.830820412854999,0.444967768178124,FALSE,FALSE,0.0804928416008551,0.351671446568183,4.36897790628436
0,841,Trait_null_sim_841,V:19144083,0.87068446883123,0.709073265439923,FALSE,FALSE,0.060139202366094,0.149308888748713,2.48272146743489
0,842,Trait_null_sim_842,V:19158865,0.81514913755938,0.376586949428688,FALSE,FALSE,0.0887629266051995,0.424134734476851,4.77828695715861
0,843,Trait_null_sim_843,V:19497266,0.151067363409139,0.926502282560889,FALSE,FALSE,0.820829350500632,0.0331535064018808,0.0403902545415318
0,844,Trait_null_sim_844,V:19507912,0.11088929315692,0.973436235604485,FALSE,FALSE,0.955110384845847,0.0116924914290915,0.0122420315123876
0,845,Trait_null_sim_845,V:19529501,0.752046770227171,0.661787095868851,FALSE,FALSE,0.123755149541396,0.179281705365331,1.4486807702928
0,846,Trait_null_sim_846,V:19551023,0.279654801062663,0.700661756227521,FALSE,FALSE,0.553377720383209,0.154491586677435,0.279179267590411
0,847,Trait_null_sim_847,V:19726214,0.214610130887748,0.387856990002841,FALSE,FALSE,0.668349780576983,0.411328377244659,0.615438785495764
0,848,Trait_null_sim_848,V:19787609,0.822443166668639,0.208275620194964,FALSE,FALSE,0.084894103414454,0.68136156363106,8.02601754688009
0,849,Trait_null_sim_849,V:19822823,0.45031469947401,0.551285412592212,FALSE,FALSE,0.346483876274343,0.258623499112468,0.746422898212128
0,850,Trait_null_sim_850,V:19830911,0.469219312075519,0.886119954955498,FALSE,FALSE,0.328624121545359,0.0525074832495614,0.15977975993559
0,851,Trait_null_sim_851,V:19862147,0.417877689380067,0.106129616788811,FALSE,FALSE,0.378950815355009,0.97416340391131,2.57068559939287
0,852,Trait_null_sim_852,V:19890861,0.622646552918263,0.434084803726572,FALSE,FALSE,0.205758411890414,0.362425417508946,1.76141239708816
0,853,Trait_null_sim_853,V:19918419,0.917472075849897,0.417093696145888,FALSE,FALSE,0.0374071450473746,0.379766373927231,10.1522415957238
0,854,Trait_null_sim_854,V:20204906,0.651097133672248,0.976306435568841,FALSE,FALSE,0.186354216545387,0.0104138479185106,0.0558820085295697
0,855,Trait_null_sim_855,V:20204931,0.330968272405956,0.467127520379465,FALSE,FALSE,0.480213636977906,0.330564545906682,0.688369759732356
0,856,Trait_null_sim_856,V:20223689,0.597480983042437,0.896557401504187,FALSE,FALSE,0.223675913126546,0.0474218997900664,0.212011651711631
0,857,Trait_null_sim_857,V:20272772,0.283163432639405,0.326355097829658,FALSE,FALSE,0.547962831590694,0.486309599018262,0.887486469851509
0,858,Trait_null_sim_858,V:20393221,0.898661643336324,0.751127804959321,FALSE,FALSE,0.046403794464777,0.124286161176634,2.67836203073811
0,859,Trait_null_sim_859,V:20428421,0.553378717398822,0.20432390818636,FALSE,FALSE,0.256977547569459,0.689680813074307,2.68381739804678
0,860,Trait_null_sim_860,V:20636831,0.874633023418754,0.980346291926466,FALSE,FALSE,0.0581741290746485,0.00862048950368956,0.148184246860453
0,861,Trait_null_sim_861,V:20681897,0.0155935094477116,0.20417403632618,TRUE,FALSE,1.80705613226123,0.689999485545803,0.381836221480504
0,862,Trait_null_sim_862,V:20710445,0.911410988415535,0.63140407509902,FALSE,FALSE,0.0402857396558484,0.199692619486395,4.95690587270638
0,863,Trait_null_sim_863,V:20761107,0.945538496923978,0.140500568293905,FALSE,FALSE,0.0243207844696045,0.852321919129664,35.0450011262949
0,864,Trait_null_sim_864,V:20794593,0.537572737229447,0.243259476719984,FALSE,FALSE,0.269562764453932,0.613930231811813,2.27750384240006
0,865,Trait_null_sim_865,V:20867638,0.809642252994113,0.451492436673453,FALSE,FALSE,0.0917068352827415,0.345349520518796,3.76579912995632
0,866,Trait_null_sim_866,X:348943,0.836056751140296,0.178912465609611,FALSE,FALSE,0.0777642418545844,0.747359399193032,9.61057912183547
0,867,Trait_null_sim_867,X:364370,0.932032179452694,0.661029571741043,FALSE,FALSE,0.0305690928847789,0.179779111532994,5.88107446336788
0,868,Trait_null_sim_868,X:576417,0.769759446479048,0.891465553046945,FALSE,FALSE,0.113644972735189,0.0498954336559424,0.439046553974779
0,869,Trait_null_sim_869,X:717423,0.966392396150443,0.121721102730418,FALSE,FALSE,0.0148464958617014,0.914634121812011,61.6060604692208
0,870,Trait_null_sim_870,X:761146,0.941753803886606,0.656470414240023,FALSE,FALSE,0.0260626169397983,0.182784841884988,7.01329579862221
0,871,Trait_null_sim_871,X:783676,0.632091168616148,0.873595630837174,FALSE,FALSE,0.199220277459087,0.058689546695257,0.294596250159875
0,872,Trait_null_sim_872,X:790476,0.797926202227096,0.973056932412928,FALSE,FALSE,0.0980372733705807,0.0118617489305854,0.120992236144186
0,873,Trait_null_sim_873,X:800319,0.923319414714377,0.90837333092055,FALSE,FALSE,0.0346480323970579,0.0417356247870265,1.20455973686317
0,874,Trait_null_sim_874,X:945411,0.70756890904026,0.388253659950169,FALSE,FALSE,0.15023125847699,0.410884441616995,2.73501297787456
0,875,Trait_null_sim_875,X:954755,0.656702687287922,0.476728508304949,FALSE,FALSE,0.182631206535723,0.321728876540906,1.76163144647449
0,876,Trait_null_sim_876,X:1317258,0.916697971614784,0.95684977888002,FALSE,FALSE,0.0377737296158593,0.0191562391556688,0.507131261606373
0,877,Trait_null_sim_877,X:1451635,0.781833544806985,0.574101726599225,FALSE,FALSE,0.106885699966657,0.241011146998627,2.25484931168352
0,878,Trait_null_sim_878,X:1536392,0.400874603501305,0.613775585838642,FALSE,FALSE,0.396991456617056,0.21199039049923,0.533992323929831
0,879,Trait_null_sim_879,X:1573660,0.740317682268562,0.462719753619107,FALSE,FALSE,0.130581877498854,0.334681959967024,2.56300465560361
0,880,Trait_null_sim_880,X:1626568,0.727972582215683,0.879280817958231,FALSE,FALSE,0.137884977303264,0.0558724011348171,0.405210213814167
0,881,Trait_null_sim_881,X:1785151,0.498208870549764,0.985087069395545,FALSE,FALSE,0.302588544169007,0.00652538159696009,0.0215651971057946
0,882,Trait_null_sim_882,X:1789103,0.996812956831539,0.505452560023149,FALSE,FALSE,0.00138632557669005,0.296319599493348,213.744595407979
0,883,Trait_null_sim_883,X:1862138,0.958620594323259,0.786522209667564,FALSE,FALSE,0.0183532451701478,0.104289009340908,5.68231984992701
0,884,Trait_null_sim_884,X:2107770,0.653484420447121,0.426220860862366,FALSE,FALSE,0.18476476186232,0.370365298085683,2.00452345107703
0,885,Trait_null_sim_885,X:2137733,0.441623415976955,0.848772883646196,FALSE,FALSE,0.354947907289793,0.0712085036012262,0.20061677259894
0,886,Trait_null_sim_886,X:2176466,0.539108457616619,0.0468791724017394,FALSE,TRUE,0.268323854839114,1.32902006389548,4.95304476261475
0,887,Trait_null_sim_887,X:2353458,0.0819146711508593,0.351946645320072,FALSE,FALSE,1.08663830789475,0.453523170042846,0.417363502416457
0,888,Trait_null_sim_888,X:2368724,0.830835053351207,0.512350245874109,FALSE,FALSE,0.0804851886465028,0.290433051041836,3.60852792825572
0,889,Trait_null_sim_889,X:2560968,0.55458671240805,0.0572297115257927,FALSE,FALSE,0.256030540089915,1.24237844320697,4.85246190853115
0,890,Trait_null_sim_890,X:2611687,0.0615776173697738,0.391960568731026,FALSE,FALSE,1.21057711931685,0.406757620846579,0.336003063626479
0,891,Trait_null_sim_891,X:2623324,0.710375730644048,0.478788763079134,FALSE,FALSE,0.148511884261287,0.31985605080947,2.15374043902592
0,892,Trait_null_sim_892,X:2642933,0.837550148764274,0.55786931933277,FALSE,FALSE,0.0769891798976118,0.253467522459265,3.29224863541023
0,893,Trait_null_sim_893,X:2780556,0.301473511398994,0.894271715160576,FALSE,FALSE,0.520750840600517,0.0485305052914787,0.0931933306828934
0,894,Trait_null_sim_894,X:2890373,0.987329034789042,0.619454678210755,FALSE,FALSE,0.00553809132258539,0.207990462852091,37.5563440068
0,895,Trait_null_sim_895,X:2933223,0.932820276592221,0.0461859623743363,FALSE,TRUE,0.0302020222801673,1.33549000257681,44.21856226011
0,896,Trait_null_sim_896,X:2934743,0.722530089251117,0.999896470761301,FALSE,FALSE,0.141144062310341,4.49645046933246e-05,0.000318571705797009
0,897,Trait_null_sim_897,X:2958575,0.132892540974517,0.779752551762174,FALSE,FALSE,0.876499394561536,0.108043195327577,0.123266708451778
0,898,Trait_null_sim_898,X:2966947,0.657205520459526,0.745536274524515,FALSE,FALSE,0.182298797192179,0.127531220832625,0.699572475501207
0,899,Trait_null_sim_899,X:2978497,0.376169952177488,0.170513728487708,FALSE,FALSE,0.424615898112292,0.768240649126417,1.80926021032602
0,900,Trait_null_sim_900,X:3004238,0.906179943439446,0.895106615777236,FALSE,FALSE,0.0427855543285045,0.0481252329677935,1.12480096899742
0,901,Trait_null_sim_901,X:3060119,0.606142952641134,0.726932189991797,FALSE,FALSE,0.217424939824214,0.138506099300383,0.637029493545515
0,902,Trait_null_sim_902,X:3382074,0.704904712480472,0.0377145530071289,FALSE,TRUE,0.151869586045228,1.42349103517561,9.37311460605206
0,903,Trait_null_sim_903,X:3434671,0.349105324721167,0.112085756274036,FALSE,FALSE,0.45704352706842,0.950449573530132,2.07956029839549
0,904,Trait_null_sim_904,X:3506938,0.941628058976068,0.5776414073649,FALSE,FALSE,0.0261206087065576,0.238341682568734,9.12466034946953
0,905,Trait_null_sim_905,X:3572913,0.0117139521622816,0.685261193397476,TRUE,FALSE,1.93129655388665,0.164143861748253,0.0849915366016272
0,906,Trait_null_sim_906,X:3893981,0.692041301336758,0.0498887845011264,FALSE,TRUE,0.159867985879375,1.30199707715692,8.14420141715747
0,907,Trait_null_sim_907,X:3925898,0.00284360582782717,0.971960274898225,TRUE,FALSE,2.54613060437818,0.0123514848114327,0.00485108061235892
0,908,Trait_null_sim_908,X:3945579,0.108137279785972,0.0658517832696929,FALSE,FALSE,0.966024559384037,1.18143245982595,1.22298387587502
0,909,Trait_null_sim_909,X:3997253,0.0233682424845953,0.460266357537392,TRUE,FALSE,1.63137394947959,0.336990768034181,0.206568682883334
0,910,Trait_null_sim_910,X:4006118,0.453127389089624,0.666331921370782,FALSE,FALSE,0.343779686284754,0.176309380873974,0.512855726815504
0,911,Trait_null_sim_911,X:4684352,0.271434714672247,0.0956762881583334,FALSE,FALSE,0.566334609784342,1.01919568184671,1.79963517015994
0,912,Trait_null_sim_912,X:4749159,0.416570887951433,0.560042850699691,FALSE,FALSE,0.380311083989387,0.251778742439417,0.662033669380099
0,913,Trait_null_sim_913,X:4968683,0.602355187087796,0.329127545315585,FALSE,FALSE,0.22014734544683,0.482635769246335,2.19233063322538
0,914,Trait_null_sim_914,X:5155937,0.759265039963935,0.910342922161615,FALSE,FALSE,0.11960659656656,0.0407949800431898,0.341076338715881
0,915,Trait_null_sim_915,X:5242445,0.770336815846777,0.989070412579395,FALSE,FALSE,0.113319345891847,0.00477278958971226,0.042118047471501
0,916,Trait_null_sim_916,X:5470459,0.992995102174466,0.814258580659361,FALSE,FALSE,0.00305289360315712,0.0892376561424246,29.2305162715597
0,917,Trait_null_sim_917,X:5513074,0.113780807065326,0.340254990866699,FALSE,FALSE,0.943930990037622,0.46819549583816,0.496006064828425
0,918,Trait_null_sim_918,X:5579044,0.831961361209001,0.332778635296556,FALSE,FALSE,0.0798968431844966,0.477844563603229,5.98076900860523
0,919,Trait_null_sim_919,X:5612805,0.380712376706479,0.40220988523897,FALSE,FALSE,0.419403004331007,0.395547259815906,0.943119757682342
0,920,Trait_null_sim_920,X:5721887,0.975322249016362,0.303716468789457,FALSE,FALSE,0.0108518685609758,0.517531658162514,47.6905571841887
0,921,Trait_null_sim_921,X:6045830,0.844728113501747,0.273909796426267,FALSE,FALSE,0.0732830517679887,0.562392434858901,7.67424965651559
0,922,Trait_null_sim_922,X:6375859,0.889576024010154,0.841446864582799,FALSE,FALSE,0.0508169307759662,0.0749733035111877,1.47536071868878
0,923,Trait_null_sim_923,X:6687974,0.0439196418986275,0.990793077555275,TRUE,FALSE,1.35734120958902,0.00401703639186036,0.00295948900945595
0,924,Trait_null_sim_924,X:6877272,0.921968095765261,0.439953390430761,FALSE,FALSE,0.0352841072249291,0.356593331129588,10.1063441638576
0,925,Trait_null_sim_925,X:7548793,0.246014709627856,0.223355380368522,FALSE,FALSE,0.609038924932308,0.651003581422652,1.06890307790263
0,926,Trait_null_sim_926,X:7740168,0.339363012273288,0.850902963176793,FALSE,FALSE,0.469335493901001,0.0701199639574022,0.14940264452318
0,927,Trait_null_sim_927,X:7851293,0.72111022704983,0.798910083520966,FALSE,FALSE,0.141998345071705,0.0975020973169539,0.686642490570706
0,928,Trait_null_sim_928,X:7889015,0.930501568568903,0.800702777604757,FALSE,FALSE,0.0312828904319302,0.0965286649406552,3.08566962987951
0,929,Trait_null_sim_929,X:8096449,0.865770147984386,0.380219460316241,FALSE,FALSE,0.0625973928693203,0.419965658928561,6.70899600891191
0,930,Trait_null_sim_930,X:8129640,0.584437638881583,0.953615988706753,FALSE,FALSE,0.233261822456774,0.0206264759879581,0.0884262832670802
0,931,Trait_null_sim_931,X:8177869,0.318692850043956,0.857652203572529,FALSE,FALSE,0.496627679925352,0.0666887922111469,0.134283276802394
0,932,Trait_null_sim_932,X:8397590,0.670033523031094,0.991472830831156,FALSE,FALSE,0.173903468189903,0.00371918219672619,0.0213864751257567
0,933,Trait_null_sim_933,X:8405525,0.707894612598767,0.387347788807733,FALSE,FALSE,0.150031392837883,0.411898918879757,2.74541821607185
0,934,Trait_null_sim_934,X:8915854,0.423064417627671,0.42918027628763,FALSE,FALSE,0.373593500023927,0.367360244991902,0.983315408240172
0,935,Trait_null_sim_935,X:9111140,0.470621372935905,0.958083069008912,FALSE,FALSE,0.327328353536216,0.0185968345037418,0.0568140043562839
0,936,Trait_null_sim_936,X:9516816,0.89624738871115,0.160996997864986,FALSE,FALSE,0.0475720966742023,0.793182222246577,16.6732660046222
0,937,Trait_null_sim_937,X:9720984,0.952295725369243,0.462044186871479,FALSE,FALSE,0.0212281651109324,0.335316489385826,15.7958300980587
0,938,Trait_null_sim_938,X:9820780,0.197987629796398,0.304682752867473,FALSE,FALSE,0.703361943470747,0.516152129126467,0.733835735524031
0,939,Trait_null_sim_939,X:9906154,0.536619318514088,0.486378665930474,FALSE,FALSE,0.270333696604362,0.313025482814002,1.15792254811697
0,940,Trait_null_sim_940,X:9954660,0.974820044807368,0.600155309170426,FALSE,FALSE,0.0110755491839402,0.221736347637103,20.0203478811348
0,941,Trait_null_sim_941,X:9980487,0.824625632153176,0.91668645381429,FALSE,FALSE,0.0837431699837593,0.0377791863189151,0.451131552892514
0,942,Trait_null_sim_942,X:10279010,0.520697384546312,0.960747545317593,FALSE,FALSE,0.283414603772276,0.017390716472134,0.0613613986035364
0,943,Trait_null_sim_943,X:10659673,0.961416941892931,0.783752961122494,FALSE,FALSE,0.0170882290913077,0.105820805336053,6.19261391982869
0,944,Trait_null_sim_944,X:10701293,0.402360460624771,0.0968075625343658,FALSE,FALSE,0.395384703340233,1.01409071460633,2.5648203029587
0,945,Trait_null_sim_945,X:10843150,0.419216631398669,0.147505475237127,FALSE,FALSE,0.377561496106891,0.831191858864536,2.20147411066836
0,946,Trait_null_sim_946,X:10943291,0.929991057025308,0.631177034015747,FALSE,FALSE,0.031521227686102,0.199848811734135,6.34013413831119
0,947,Trait_null_sim_947,X:10969294,0.367070930025756,0.794424786921324,FALSE,FALSE,0.435250007839523,0.0999472138389399,0.229631733575501
0,948,Trait_null_sim_948,X:11052383,0.0986883552522072,0.662930108279067,FALSE,FALSE,1.00573408895208,0.178532256193632,0.177514372988642
0,949,Trait_null_sim_949,X:11118003,0.857526227263647,0.452001488888247,FALSE,FALSE,0.0667525882744753,0.344860134624714,5.16624363997254
0,950,Trait_null_sim_950,X:11508405,0.331786727350747,0.355513434204123,FALSE,FALSE,0.479140991288223,0.449143983427936,0.937394194181473
0,951,Trait_null_sim_951,X:11657795,0.683659632516546,0.362608874795375,FALSE,FALSE,0.16516006276909,0.44056157082106,2.66748246176807
0,952,Trait_null_sim_952,X:11767060,0.940249872136148,0.649638360624001,FALSE,FALSE,0.0267567169649297,0.187328338268972,7.00117052904901
0,953,Trait_null_sim_953,X:11770372,0.959456729875438,0.117587846363504,FALSE,FALSE,0.0179746065460892,0.929637563719327,51.7194944621245
0,954,Trait_null_sim_954,X:11992240,0.922613692152627,0.669618545364412,FALSE,FALSE,0.0349801044836518,0.174172526881737,4.97918829725446
0,955,Trait_null_sim_955,X:12158005,0.782412837977342,0.0176925550853848,FALSE,TRUE,0.106564032176262,1.75220944355419,16.4427847536395
0,956,Trait_null_sim_956,X:12388276,0.88192612896416,0.0273314219166815,FALSE,TRUE,0.0545677902953931,1.56333777355781,28.6494608833335
0,957,Trait_null_sim_957,X:12391329,0.708149715038036,0.38300418836574,FALSE,FALSE,0.149874915274673,0.416796476751525,2.78096221764443
0,958,Trait_null_sim_958,X:12393734,0.924297462749819,0.552437368129674,FALSE,FALSE,0.0341882391253198,0.257716952425723,7.53817567149452
0,959,Trait_null_sim_959,X:12422945,0.235828816734514,0.907983062410919,FALSE,FALSE,0.627403128061403,0.0419222527675525,0.0668186862521502
0,960,Trait_null_sim_960,X:12566058,0.0265810146471716,0.208780407825381,TRUE,FALSE,1.57542844524215,0.68031025841187,0.431825552259407
0,961,Trait_null_sim_961,X:12674215,0.706044545905346,0.978730222309674,FALSE,FALSE,0.151167897488454,0.00933700085078921,0.0617657651255113
0,962,Trait_null_sim_962,X:13150428,0.914727431658348,0.827239008557472,FALSE,FALSE,0.0387082967111599,0.082368994557412,2.12794159278169
0,963,Trait_null_sim_963,X:13269453,0.982567155241042,0.519519502024394,FALSE,FALSE,0.00763775733531266,0.284398145002647,37.2358183845082
0,964,Trait_null_sim_964,X:13286183,0.824229298464955,0.568451139860225,FALSE,FALSE,0.0839519518891959,0.245306858330709,2.92199112481003
0,965,Trait_null_sim_965,X:13309528,0.27403536576099,0.767533536190771,FALSE,FALSE,0.562193385487231,0.114902639610512,0.204382766814181
0,966,Trait_null_sim_966,X:13347083,0.805852657182911,0.0702948770296807,FALSE,FALSE,0.0937443577260056,1.1530763244654,12.3002210739509
0,967,Trait_null_sim_967,X:13347202,0.762449154147653,0.50532980916655,FALSE,FALSE,0.117789113042665,0.296425082179942,2.51657453327263
0,968,Trait_null_sim_968,X:13700430,0.854458824109304,0.839084661660512,FALSE,FALSE,0.0683088608460915,0.0761942176730637,1.11543680760156
0,969,Trait_null_sim_969,X:14098086,0.925625651938435,0.263178870457094,FALSE,FALSE,0.0335646182514858,0.579748981366018,17.2726225283482
0,970,Trait_null_sim_970,X:14123918,0.364318466846982,0.310531141550844,FALSE,FALSE,0.438518814356558,0.507894840171747,1.15820535754431
0,971,Trait_null_sim_971,X:14161955,0.698345673253446,0.773941126291281,FALSE,FALSE,0.155929553271482,0.111292074845919,0.713733044897224
0,972,Trait_null_sim_972,X:14298666,0.060728450289047,0.623493772269044,FALSE,FALSE,1.21660780136554,0.205167880088721,0.168639293499875
0,973,Trait_null_sim_973,X:14315119,0.927838786481425,0.129540311377973,FALSE,FALSE,0.032527476608411,0.887595063360767,27.2875475108712
0,974,Trait_null_sim_974,X:14327369,0.983964456906921,0.654173285766082,FALSE,FALSE,0.00702058901579867,0.184307194972984,26.2523834621613
0,975,Trait_null_sim_975,X:14366775,0.188542919293631,0.0130087902767316,FALSE,TRUE,0.724589772828481,1.88576308780178,2.60252512320259
0,976,Trait_null_sim_976,X:14405404,0.818216734598775,0.407248040619661,FALSE,FALSE,0.0871316423277665,0.390140996522501,4.47760407240911
0,977,Trait_null_sim_977,X:14406763,0.870409076973651,0.286111230292184,FALSE,FALSE,0.0602765886258883,0.543465095154525,9.01618866534713
0,978,Trait_null_sim_978,X:14449845,0.849650015364256,0.255842318735246,FALSE,FALSE,0.0707599303994116,0.592027617507475,8.36670717686854
0,979,Trait_null_sim_979,X:14524643,0.0982023503524323,0.903841863464517,FALSE,FALSE,1.00787811778457,0.0439075472152862,0.0435643421962567
0,980,Trait_null_sim_980,X:14682942,0.626860328211995,0.423615678338729,FALSE,FALSE,0.202829214263443,0.37302797469772,1.83912350127835
0,981,Trait_null_sim_981,X:14872912,0.942609255072165,0.679503899632359,FALSE,FALSE,0.0256683004059628,0.167808046534202,6.5375597090651
0,982,Trait_null_sim_982,X:14974836,0.96649855406453,0.490095040538033,FALSE,FALSE,0.0147987913635871,0.309719692259587,20.9287153693958
0,983,Trait_null_sim_983,X:15136479,0.977132973452333,0.515992443076079,FALSE,FALSE,0.0100463311563849,0.287356658749516,28.6031442002473
0,984,Trait_null_sim_984,X:15195507,0.908122120156391,0.405639331023008,FALSE,FALSE,0.0418557455936045,0.39185994219018,9.36215414712516
0,985,Trait_null_sim_985,X:15205139,0.992622774517463,0.191337738130037,FALSE,FALSE,0.00321576466781638,0.7181993642892,223.337040635154
0,986,Trait_null_sim_986,X:15260762,0.0199084312458087,0.266583778008146,TRUE,FALSE,1.70096296037092,0.574166281538424,0.337553665138727
0,987,Trait_null_sim_987,X:15304367,0.732612646210881,0.4000171133044,FALSE,FALSE,0.135125588903525,0.397921428535324,2.94482659993754
0,988,Trait_null_sim_988,X:15329163,0.568750616062432,0.79688246490542,FALSE,FALSE,0.245078119913082,0.0986057295539701,0.402344075386823
0,989,Trait_null_sim_989,X:15378789,0.0124310684484548,0.742166251410979,TRUE,FALSE,1.90549154220902,0.129498798248114,0.0679608360255369
0,990,Trait_null_sim_990,X:15405202,0.252828578627366,0.643238510918583,FALSE,FALSE,0.59717383688227,0.191627962116018,0.320891422699411
0,991,Trait_null_sim_991,X:15579338,0.877365428692523,0.997716193311787,FALSE,FALSE,0.0568194823357587,0.00099297896051002,0.0174760296942216
0,992,Trait_null_sim_992,X:15607777,0.238141698467278,0.993337589017126,FALSE,FALSE,0.623164553235706,0.00290313002324401,0.00465868927905135
0,993,Trait_null_sim_993,X:15705542,0.222354294154019,0.909127774455765,FALSE,FALSE,0.652954478945486,0.0413750740483211,0.0633659395600462
0,994,Trait_null_sim_994,X:15708978,0.973093923828837,0.993729598330497,FALSE,FALSE,0.0118452392466033,0.00273177448484612,0.230622145148269
0,995,Trait_null_sim_995,X:15942475,0.163826264820604,0.755674152331414,FALSE,FALSE,0.785616470388529,0.121665432475645,0.154866193698147
0,996,Trait_null_sim_996,X:15975896,0.505266413141359,0.561181716850361,FALSE,FALSE,0.296479569903809,0.250896486610792,0.846252194349155
0,997,Trait_null_sim_997,X:16047687,0.499678702561398,0.745229296205257,FALSE,FALSE,0.301309160777896,0.127710080600546,0.423850639890384
0,998,Trait_null_sim_998,X:16277781,0.96495917999573,0.426158657605655,FALSE,FALSE,0.0154910579282968,0.37042868424316,23.9124200527657
0,999,Trait_null_sim_999,X:16680233,0.979555915028784,0.543926305038605,FALSE,FALSE,0.00897076855605968,0.264459937586991,29.4801873367194
0,1000,Trait_null_sim_1000,X:16794371,0.806576198644259,0.790298840788394,FALSE,FALSE,0.0933545977883228,0.10220865508415,1.09484329112427
