h2,sim_id,trait,causal_snp,p_default,p_modified,detected_default,detected_modified,log10p_default,log10p_modified,log10p_ratio
0,1,Trait_null_sim_1,I:62576,0.882442835217073,0.362459365124007,FALSE,FALSE,0.0543134186924283,0.440740674587056,8.11476583867659
0,2,Trait_null_sim_2,I:565394,0.769923211358064,0.601088013967013,FALSE,FALSE,0.113552587225496,0.221061932021212,1.94678023127927
0,3,Trait_null_sim_3,I:614095,0.458293732571754,0.333567767673991,FALSE,FALSE,0.338856081939404,0.476815921456436,1.40713402199374
0,4,Trait_null_sim_4,I:638641,0.709106292783586,0.699222918999454,FALSE,FALSE,0.149288660572352,0.155384344916183,1.0408315294709
0,5,Trait_null_sim_5,I:680197,0.00928637361199624,0.117796046554397,TRUE,FALSE,2.03215384766055,0.92886928500241,0.457086104022951
0,6,Trait_null_sim_6,I:756171,0.204756531254263,0.241789321166103,FALSE,FALSE,0.688762236368778,0.61656288404203,0.895175216476167
0,7,Trait_null_sim_7,I:781875,0.597299078361166,0.0804862984468942,FALSE,FALSE,0.223808155373418,1.0942780452889,4.88935733134088
0,8,Trait_null_sim_8,I:840826,0.496047705072477,0.965452452212703,FALSE,FALSE,0.304476555256833,0.0152691100255844,0.0501487216731829
0,9,Trait_null_sim_9,I:884224,0.864715984338282,0.817995892189058,FALSE,FALSE,0.0631265129848823,0.0872488772627899,1.38212730495164
0,10,Trait_null_sim_10,I:996230,0.132266737822453,0.239632155533874,FALSE,FALSE,0.878549357599237,0.620454905673698,0.706226577148927
0,11,Trait_null_sim_11,I:1038867,0.505254645580627,0.226072696360621,FALSE,FALSE,0.296489684659256,0.645751885845466,2.17799107104722
0,12,Trait_null_sim_12,I:1149835,0.635080403736365,0.829569726269186,FALSE,FALSE,0.197171287797004,0.0811471051654689,0.411556398865809
0,13,Trait_null_sim_13,I:1171021,0.361243575957601,0.681341249231421,FALSE,FALSE,0.44219986728307,0.16663531754629,0.376832581543089
0,14,Trait_null_sim_14,I:1229353,0.791437176274336,0.204465500352525,FALSE,FALSE,0.101583553423548,0.689379960373036,6.78633437342653
0,15,Trait_null_sim_15,I:1229842,0.368022977679673,0.452407341897576,FALSE,FALSE,0.434125065109205,0.344470355736566,0.793481840653255
0,16,Trait_null_sim_16,I:1235968,0.667494279274791,0.556416631978623,FALSE,FALSE,0.17555245204584,0.254599896888864,1.45027821555226
0,17,Trait_null_sim_17,I:1255890,0.553231675525456,0.409732465922597,FALSE,FALSE,0.257092962127275,0.387499622543299,1.5072354347509
0,18,Trait_null_sim_18,I:1336302,0.889598191106864,0.532954949315128,FALSE,FALSE,0.0508061088477935,0.273309500336933,5.37946137846774
0,19,Trait_null_sim_19,I:1345095,0.875432862473513,0.95589262453802,FALSE,FALSE,0.057777154635139,0.0195908893030328,0.339076741088215
0,20,Trait_null_sim_20,I:1415661,0.918389150691993,0.303494131278582,FALSE,FALSE,0.0369732554147763,0.517849702539202,14.0060618609268
0,21,Trait_null_sim_21,I:1470992,0.921286392521561,0.337068532104454,FALSE,FALSE,0.035605343356363,0.47228179025951,13.2643515197308
0,22,Trait_null_sim_22,I:1524519,0.00831292326306115,0.0438083398426297,TRUE,TRUE,2.08024622846995,1.35844320449921,0.653020390522888
0,23,Trait_null_sim_23,I:1549115,0.386300265846962,0.76729021436377,FALSE,FALSE,0.413074992979101,0.115040340538895,0.278497470179018
0,24,Trait_null_sim_24,I:1588416,0.827858591981423,0.0838356398776829,FALSE,FALSE,0.0820438395036166,1.07657131655193,13.1219031564762
0,25,Trait_null_sim_25,I:1698158,0.469122758163209,0.55485121414313,FALSE,FALSE,0.32871349797385,0.255823459290843,0.77825663037176
0,26,Trait_null_sim_26,I:1791409,0.901178688864577,0.0994831229398086,FALSE,FALSE,0.0451890870524585,1.00225058996585,22.1790404573204
0,27,Trait_null_sim_27,I:1817071,0.888030559156092,0.0886493233963335,FALSE,FALSE,0.0515720889010098,1.05232457474282,20.4049243916163
0,28,Trait_null_sim_28,I:1831933,0.637689378160718,0.0966167103629322,FALSE,FALSE,0.195390816891695,1.01494775359704,5.1944496150995
0,29,Trait_null_sim_29,I:1874811,0.422274089338772,0.748334109717635,FALSE,FALSE,0.374405565987888,0.125904458806722,0.33627827747303
0,30,Trait_null_sim_30,I:1883323,0.902823245406943,0.756244041832686,FALSE,FALSE,0.0443972674697751,0.121338033971713,2.73300680169828
0,31,Trait_null_sim_31,I:2020957,0.649458490247028,0.258985318194537,FALSE,FALSE,0.187448601377336,0.586724855253987,3.13005725805818
0,32,Trait_null_sim_32,I:2049496,0.458510685366001,0.341602456367443,FALSE,FALSE,0.338650538856736,0.466479015082007,1.37746426347589
0,33,Trait_null_sim_33,I:2118471,0.641654346453236,0.096107141428702,FALSE,FALSE,0.192698859553703,1.01724434003339,5.27893285092271
0,34,Trait_null_sim_34,I:2119977,0.967209882510853,0.0192426318760845,FALSE,TRUE,0.0144792747010435,1.71573552839537,118.495958107054
0,35,Trait_null_sim_35,I:2121257,0.575818873018846,0.77834377419922,FALSE,FALSE,0.239714104804208,0.108828544061607,0.453993077088622
0,36,Trait_null_sim_36,I:2230008,0.82225308550637,0.411773319672411,FALSE,FALSE,0.0849944881513265,0.385341796363994,4.53372688918275
0,37,Trait_null_sim_37,I:2235141,0.875249375204218,0.869242309842643,FALSE,FALSE,0.0578681905834463,0.0608591428163217,1.05168560141106
0,38,Trait_null_sim_38,I:2273828,0.585255570140776,0.994045383597007,FALSE,FALSE,0.23265444423554,0.00259378723667959,0.0111486683403031
0,39,Trait_null_sim_39,I:2404696,0.732375534709803,0.814349662758683,FALSE,FALSE,0.135266171904472,0.0891890791401441,0.659359822817574
0,40,Trait_null_sim_40,I:2439528,0.752380831350819,0.487279304216975,FALSE,FALSE,0.123562277641344,0.312222033632526,2.52683941727582
0,41,Trait_null_sim_41,I:2608841,0.827616536203796,0.393906667058897,FALSE,FALSE,0.0821708404926323,0.404606668486654,4.923968965888
0,42,Trait_null_sim_42,I:2752409,0.336990757153756,0.526188578473497,FALSE,FALSE,0.472382010618778,0.278858583007764,0.590324306894084
0,43,Trait_null_sim_43,I:2819038,0.227645536167738,0.698744023998873,FALSE,FALSE,0.64274086122105,0.155681893388757,0.242215646742919
0,44,Trait_null_sim_44,I:2930538,0.287464414640935,0.621091799585074,FALSE,FALSE,0.541415909171223,0.206844204804461,0.38204308610194
0,45,Trait_null_sim_45,I:2948602,0.334453225745635,0.432336699785209,FALSE,FALSE,0.475664610993233,0.364177896925988,0.765619069633013
0,46,Trait_null_sim_46,I:3027318,0.346888329857978,0.713006860391758,FALSE,FALSE,0.45981031060342,0.146906291444137,0.319493252013745
0,47,Trait_null_sim_47,I:3054046,0.754735596365661,0.794214469548968,FALSE,FALSE,0.122205166451407,0.100062204922566,0.818805029510383
0,48,Trait_null_sim_48,I:3114218,0.0216798554238636,0.880528492532932,TRUE,FALSE,1.66394361829729,0.0552565863751581,0.0332082083596692
0,49,Trait_null_sim_49,I:3133343,0.818996069487818,0.714275812085284,FALSE,FALSE,0.0867181824933639,0.146134056379379,1.68516050703163
0,50,Trait_null_sim_50,I:3136939,0.927300233945252,0.319841219098219,FALSE,FALSE,0.0327796306504206,0.495065567877595,15.1028415529521
0,51,Trait_null_sim_51,I:3143828,0.436298024768561,0.372219285392438,FALSE,FALSE,0.360216753169623,0.429201128995319,1.19150796074499
0,52,Trait_null_sim_52,I:3150569,0.74047788426544,0.402272059898744,FALSE,FALSE,0.130487907952918,0.395480130623334,3.03077991537751
0,53,Trait_null_sim_53,I:3190585,0.027605733132567,0.378944276104091,TRUE,FALSE,1.55900071470024,0.421424648500973,0.270317161837865
0,54,Trait_null_sim_54,I:3262101,0.517627434576478,0.274604757664031,FALSE,FALSE,0.285982713851278,0.561291942666139,1.96267786646025
0,55,Trait_null_sim_55,I:3266089,0.805871654703828,0.134813570227209,FALSE,FALSE,0.0937341195997405,0.870266389861763,9.28441418746917
0,56,Trait_null_sim_56,I:3294094,0.9817736550839,0.403954675972305,FALSE,FALSE,0.00798862593873363,0.393667360333363,49.2784821009867
0,57,Trait_null_sim_57,I:3313010,0.333750596200214,0.432097162221983,FALSE,FALSE,0.476577949818435,0.364418585888216,0.764656833214905
0,58,Trait_null_sim_58,I:3452865,0.442835424286385,0.973570611610912,FALSE,FALSE,0.353757645343569,0.0116325442766024,0.0328828067173075
0,59,Trait_null_sim_59,I:3463734,0.318166129979896,0.375987085479729,FALSE,FALSE,0.497346054562946,0.424827072096844,0.854188081315273
0,60,Trait_null_sim_60,I:3611634,0.577555916946414,0.820267139375031,FALSE,FALSE,0.23840596252557,0.0860446863204789,0.360916670912751
0,61,Trait_null_sim_61,I:3631224,0.244699435947634,0.598673370442278,FALSE,FALSE,0.611367031731629,0.222810059253986,0.364445656519785
0,62,Trait_null_sim_62,I:3740083,0.822370103310199,0.967814839661882,FALSE,FALSE,0.0849326865338877,0.0142077230686234,0.167282157770372
0,63,Trait_null_sim_63,I:4012008,0.5038118865752,0.530403812459256,FALSE,FALSE,0.297731590285464,0.275393362951574,0.924971927525487
0,64,Trait_null_sim_64,I:4209517,0.817490535626322,0.145009594828148,FALSE,FALSE,0.0875172666175925,0.838603260916345,9.58214639610066
0,65,Trait_null_sim_65,I:4233867,0.578935153151381,0.156053881911059,FALSE,FALSE,0.237370079114914,0.806725423592154,3.3985977786257
0,66,Trait_null_sim_66,I:4251001,0.188218371838565,0.337971403710356,FALSE,FALSE,0.725337987716961,0.471120044503957,0.64951795229536
0,67,Trait_null_sim_67,I:4255551,0.631319114735287,0.587279034787835,FALSE,FALSE,0.199751061142496,0.231155502713103,1.15721789607017
0,68,Trait_null_sim_68,I:4451412,0.810371560184192,0.962582972832791,FALSE,FALSE,0.0913158088518745,0.0165618248425005,0.181368648547656
0,69,Trait_null_sim_69,I:4577448,0.942275959433369,0.900412279265353,FALSE,FALSE,0.0258218890246927,0.0455585909917958,1.7643399732773
0,70,Trait_null_sim_70,I:4604539,0.0250292984809327,0.951725348070997,TRUE,FALSE,1.60155132259031,0.0214883636182874,0.0134172182403325
0,71,Trait_null_sim_71,I:4764610,0.9136741895679,0.858470355247311,FALSE,FALSE,0.0392086433234954,0.0662746973286912,1.69030835323437
0,72,Trait_null_sim_72,I:5489082,0.882221115234515,0.6062955115756,FALSE,FALSE,0.0544225519531091,0.217315646848597,3.99311754134276
0,73,Trait_null_sim_73,I:5669015,0.738946397796515,0.305821699067763,FALSE,FALSE,0.13138706361531,0.514531703190999,3.91615193332507
0,74,Trait_null_sim_74,I:5669164,0.163607658553904,0.892767802432956,FALSE,FALSE,0.78619637065338,0.0492614809040845,0.0626579856418633
0,75,Trait_null_sim_75,I:6099423,0.0477501361819052,0.773962346905217,TRUE,FALSE,1.3210253854841,0.111280167132428,0.0842377204520172
0,76,Trait_null_sim_76,I:6261560,0.844440710942377,0.831886617542278,FALSE,FALSE,0.0734308372883198,0.0799358620882079,1.08858709828334
0,77,Trait_null_sim_77,I:6280082,0.75982902787418,0.692302955630267,FALSE,FALSE,0.119284119040356,0.159703814262931,1.33885227595888
0,78,Trait_null_sim_78,I:6688167,0.744590306280473,0.666821111178896,FALSE,FALSE,0.128082622101381,0.175990659108932,1.37404010178391
0,79,Trait_null_sim_79,I:6802432,0.656599808952788,0.00884529140536056,FALSE,TRUE,0.182699247970922,2.05328785482261,11.2386223677802
0,80,Trait_null_sim_80,I:6881233,0.452985887388578,0.44553622261565,FALSE,FALSE,0.343915328063854,0.351116981542721,1.02094019338833
0,81,Trait_null_sim_81,I:7045340,0.290665126811157,0.860505163556209,FALSE,FALSE,0.536607070541185,0.0652465192966299,0.121590867654477
0,82,Trait_null_sim_82,I:8053104,0.752222730785253,0.231760699345702,FALSE,FALSE,0.123653547136102,0.634960207304118,5.13499387611771
0,83,Trait_null_sim_83,I:8220239,0.918860042307073,0.394555019164034,FALSE,FALSE,0.0367506338615749,0.403892427554023,10.9900805813398
0,84,Trait_null_sim_84,I:8258274,0.0949616034336851,0.899639558225408,FALSE,FALSE,1.02245196089716,0.0459314563696957,0.0449228502915605
0,85,Trait_null_sim_85,I:8375744,0.972626946452761,0.993312593292552,FALSE,FALSE,0.0120537025514843,0.00291405847491709,0.24175629541798
0,86,Trait_null_sim_86,I:8435194,0.368401252370557,0.6999509206157,FALSE,FALSE,0.433678902099787,0.15493241091866,0.357251436877625
0,87,Trait_null_sim_87,I:8839955,0.291272866529117,0.0222063785642208,FALSE,TRUE,0.535699970111524,1.65352226080375,3.0866573699071
0,88,Trait_null_sim_88,I:8904178,0.933188500698861,0.426845217283968,FALSE,FALSE,0.0300306214790141,0.369729580398611,12.3117525442151
0,89,Trait_null_sim_89,I:9940147,0.359596048883276,0.124048856690232,FALSE,FALSE,0.444185088789803,0.906407234095614,2.04060707342777
0,90,Trait_null_sim_90,I:10063567,0.0473776469112513,0.189725797980871,TRUE,FALSE,1.32442651302728,0.721873611868455,0.545046180190434
0,91,Trait_null_sim_91,I:10080380,0.804421666978065,0.116219474675443,FALSE,FALSE,0.0945162402604204,0.934721091950695,9.88952892513774
0,92,Trait_null_sim_92,I:10467951,0.515842849027203,0.531922905898729,FALSE,FALSE,0.287482585573118,0.274151307496251,0.95362752825431
0,93,Trait_null_sim_93,I:10584033,0.247418032529166,0.453288198348466,FALSE,FALSE,0.606568650937633,0.343625587931957,0.566507331694082
0,94,Trait_null_sim_94,I:10713170,0.80587502978924,0.420874837824809,FALSE,FALSE,0.0937323007271046,0.375847037949989,4.0097920891139
0,95,Trait_null_sim_95,I:11130453,0.796223425242449,0.835020612403659,FALSE,FALSE,0.098965049429794,0.0783028038664826,0.79121674083567
0,96,Trait_null_sim_96,I:11132481,0.697290900311822,0.714324380143688,FALSE,FALSE,0.156586002327204,0.146104526998262,0.933062501288973
0,97,Trait_null_sim_97,I:11156249,0.145218301577064,0.952518109699358,FALSE,FALSE,0.837978646906894,0.0211267585733573,0.0252115715016598
0,98,Trait_null_sim_98,I:11177417,0.810221984886424,0.802965150226289,FALSE,FALSE,0.0913959766728951,0.095303303280291,1.04275162594279
0,99,Trait_null_sim_99,I:11332514,0.717898005188881,0.329156135139214,FALSE,FALSE,0.143937253432,0.482598045684238,3.35283628231957
0,100,Trait_null_sim_100,I:11366973,0.978776215504059,0.510821663022474,FALSE,FALSE,0.0093165926517211,0.291730693374895,31.3130244372122
0,101,Trait_null_sim_101,I:11523341,0.621124716907787,0.869865894426715,FALSE,FALSE,0.206821188186301,0.0605476965764571,0.292753837783375
0,102,Trait_null_sim_102,I:11555190,0.812066610065031,0.44338736531626,FALSE,FALSE,0.0904083461317076,0.353216686619836,3.90690352973903
0,103,Trait_null_sim_103,I:11595005,0.646917403151685,0.94837561133663,FALSE,FALSE,0.189151165460098,0.0230196229752842,0.121699609512268
0,104,Trait_null_sim_104,I:11598685,0.957672264161977,0.56638706161943,FALSE,FALSE,0.0187830903139789,0.246886676101243,13.1440924775569
0,105,Trait_null_sim_105,I:11607099,0.83349781912861,0.454647831988683,FALSE,FALSE,0.0790955321786869,0.34232487552709,4.32799256921029
0,106,Trait_null_sim_106,I:11814691,0.128198969869747,0.464313390189437,FALSE,FALSE,0.892115464533909,0.333188791669749,0.373481690336828
0,107,Trait_null_sim_107,I:11836035,0.128920677728404,0.577637652798225,FALSE,FALSE,0.889677420093209,0.238344505414998,0.267899915218739
0,108,Trait_null_sim_108,I:11859127,0.879698932759813,0.603260889795579,FALSE,FALSE,0.0556659349097515,0.219494829658808,3.94307272508158
0,109,Trait_null_sim_109,I:11943491,0.865096023984257,0.54752757404808,FALSE,FALSE,0.0629356840127017,0.261594004423229,4.15652913807109
0,110,Trait_null_sim_110,I:11952558,0.940230968929551,0.705624620366417,FALSE,FALSE,0.0267654483044215,0.151426274385964,5.65752804375593
0,111,Trait_null_sim_111,I:12035065,0.931688574380409,0.22310162190942,FALSE,FALSE,0.0307292303820206,0.651497272460444,21.2012232119431
0,112,Trait_null_sim_112,I:12148188,0.614491386452634,0.530801254516563,FALSE,FALSE,0.211484200397232,0.275068059377728,1.30065536272245
0,113,Trait_null_sim_113,I:12174150,0.964830524202503,0.581440947399056,FALSE,FALSE,0.0155489652754285,0.235494386732669,15.1453413498076
0,114,Trait_null_sim_114,I:12187278,0.204865281203655,0.804710247118434,FALSE,FALSE,0.688531635836281,0.0943604683652828,0.137045944520289
0,115,Trait_null_sim_115,I:12243164,0.536198474325204,0.77315266901195,FALSE,FALSE,0.270674426073184,0.111734740541193,0.412801246730943
0,116,Trait_null_sim_116,I:12330942,0.572518636327456,0.829248259311184,FALSE,FALSE,0.242210371830965,0.0813154314422952,0.335722334380644
0,117,Trait_null_sim_117,I:12342666,0.831845919740388,0.403661569321153,FALSE,FALSE,0.0799571092903801,0.393982595712877,4.92742420542057
0,118,Trait_null_sim_118,I:12408469,0.628355445285938,0.7834880001806,FALSE,FALSE,0.201794617000083,0.105967650752836,0.525126251275536
0,119,Trait_null_sim_119,I:12460428,0.338915082466096,0.15833352268285,FALSE,FALSE,0.469909103673548,0.800427125725947,1.70336586260737
0,120,Trait_null_sim_120,I:12476102,0.103308376090079,0.278710501763291,FALSE,FALSE,0.985864465099662,0.554846666837754,0.562802176647744
0,121,Trait_null_sim_121,I:12489157,0.557080216084671,0.359362978799554,FALSE,FALSE,0.254082264620477,0.444466665488629,1.74930220396347
0,122,Trait_null_sim_122,I:12550467,0.358792549129717,0.404149566770956,FALSE,FALSE,0.445156584316485,0.393457882408135,0.883864007116215
0,123,Trait_null_sim_123,I:12559875,0.484784263830073,0.936184248333883,FALSE,FALSE,0.314451485877007,0.0286386703216136,0.0910750039604368
0,124,Trait_null_sim_124,I:12566623,0.212616292508942,0.754756173341233,FALSE,FALSE,0.672403459118366,0.122193326086159,0.181726200882987
0,125,Trait_null_sim_125,I:12612617,0.341954267114229,0.506076929586571,FALSE,FALSE,0.466031972505303,0.295783460323339,0.634684909563739
0,126,Trait_null_sim_126,I:12622167,0.329899878664398,0.925006607221433,FALSE,FALSE,0.481617844186065,0.0338551651317126,0.0702946652421648
0,127,Trait_null_sim_127,I:12864995,0.164345496057028,0.658868611696364,FALSE,FALSE,0.784242193403972,0.181201181618903,0.231052579347213
0,128,Trait_null_sim_128,I:12987241,0.349186258223737,0.776531180311863,FALSE,FALSE,0.456942855731165,0.10984110121615,0.240382577030098
0,129,Trait_null_sim_129,I:13005671,0.892412155240113,0.184144253371581,FALSE,FALSE,0.0494345229716201,0.734841829716773,14.8649523762703
0,130,Trait_null_sim_130,I:13193629,0.551851872797157,0.202176855207646,FALSE,FALSE,0.258177479263249,0.694268563042389,2.68911357033772
0,131,Trait_null_sim_131,I:13248932,0.326723959692331,0.171653873890623,FALSE,FALSE,0.485819016180755,0.765346390954592,1.57537347337971
0,132,Trait_null_sim_132,I:13286571,0.692904400884169,0.430199360583566,FALSE,FALSE,0.159326680297937,0.366330239451196,2.29923976804241
0,133,Trait_null_sim_133,I:13309905,0.742957952316592,0.733229550120503,FALSE,FALSE,0.12903576442733,0.134760040715184,1.04436193572579
0,134,Trait_null_sim_134,I:13342241,0.944506416883252,0.323442329166531,FALSE,FALSE,0.0247950871783354,0.490203144230252,19.7701722403527
0,135,Trait_null_sim_135,I:13355904,0.420057037424942,0.282451335586031,FALSE,FALSE,0.376691734942406,0.549056367338445,1.45757476580258
0,136,Trait_null_sim_136,I:13384845,0.118031542711893,0.306786846016088,FALSE,FALSE,0.928001916464032,0.513163265404598,0.55297651470366
0,137,Trait_null_sim_137,I:13388887,0.967894910710711,0.533860493576604,FALSE,FALSE,0.0141717936998947,0.272572216352246,19.2334310055806
0,138,Trait_null_sim_138,I:13417894,0.983406782497897,0.981237692266669,FALSE,FALSE,0.00726680073240151,0.00822577759873479,1.13196685882101
0,139,Trait_null_sim_139,I:13426483,0.873218957639482,0.11987961701013,FALSE,FALSE,0.0588768442995398,0.921254653202642,15.6471472641383
0,140,Trait_null_sim_140,I:13594945,0.974184159573233,0.7507413568111,FALSE,FALSE,0.011358936420855,0.124509659076838,10.9613835718138
0,141,Trait_null_sim_141,I:13618258,0.0557218965521318,0.164107191985574,FALSE,FALSE,1.25397411033658,0.784872385606227,0.625907966629037
0,142,Trait_null_sim_142,I:13636453,0.00579611739610768,0.789090887414901,TRUE,FALSE,2.23686282679551,0.102872971911627,0.0459898437576527
0,143,Trait_null_sim_143,I:13671576,0.472854071986414,0.934568132085417,FALSE,FALSE,0.325272866681378,0.0293890321020083,0.0903519325231526
0,144,Trait_null_sim_144,I:13829361,0.832563883652428,0.9859526114729,FALSE,FALSE,0.0795824325924795,0.006143958355347,0.0772024447506973
0,145,Trait_null_sim_145,I:13854214,0.659947242930678,0.151209566486463,FALSE,FALSE,0.180490781154913,0.820420731712765,4.54549936823981
0,146,Trait_null_sim_146,I:13881779,0.0278347996675376,0.834245255800958,TRUE,FALSE,1.55541190004758,0.0787062544188374,0.0506015508923584
0,147,Trait_null_sim_147,I:13890264,0.6304261933527,0.521733536177313,FALSE,FALSE,0.200365750797346,0.282551246642303,1.41017736573193
0,148,Trait_null_sim_148,I:14002675,0.267501605758374,0.0743623938875655,FALSE,FALSE,0.572673606652443,1.12864663778898,1.97083753237115
0,149,Trait_null_sim_149,I:14251060,0.344778601607318,0.881415863007086,FALSE,FALSE,0.462459696131098,0.0548191376762814,0.118538195079256
0,150,Trait_null_sim_150,I:14421389,0.0560160251382888,0.797044062644793,FALSE,FALSE,1.25168771168084,0.0985176690247986,0.0787078662716144
0,151,Trait_null_sim_151,I:14540289,0.317321753462556,0.65220539638672,FALSE,FALSE,0.498500154546555,0.185615612136503,0.372348153643689
0,152,Trait_null_sim_152,I:14589894,0.919115060088898,0.222734836956841,FALSE,FALSE,0.0366301177392401,0.652211851601381,17.805344122678
0,153,Trait_null_sim_153,I:14627382,0.662782448542962,0.790587018076772,FALSE,FALSE,0.178629000859019,0.102050321315982,0.571297610271719
0,154,Trait_null_sim_154,I:14656974,0.518150056177232,0.35196631351428,FALSE,FALSE,0.285544450423816,0.453498900598425,1.58819020970404
0,155,Trait_null_sim_155,I:14671013,0.683498138112879,0.472212633650273,FALSE,FALSE,0.165262664136984,0.325862397919717,1.97178473202885
0,156,Trait_null_sim_156,I:14696648,0.907366737972841,0.236167935245492,FALSE,FALSE,0.0422171450387248,0.626779067312031,14.8465526680476
0,157,Trait_null_sim_157,I:14700447,0.357413662880323,0.158816384595111,FALSE,FALSE,0.446828849703583,0.799104694779338,1.78839100319831
0,158,Trait_null_sim_158,I:14700450,0.942867099620668,0.889436061189286,FALSE,FALSE,0.0255495182583922,0.0508852665465952,1.99163311151204
0,159,Trait_null_sim_159,I:14734758,0.833469650095457,0.871668662229626,FALSE,FALSE,0.0791102099164182,0.0596485672590203,0.753993287617874
0,160,Trait_null_sim_160,I:14844044,0.147084461146416,0.946787909672513,FALSE,FALSE,0.83243320623118,0.0237472965773842,0.0285275700195809
0,161,Trait_null_sim_161,I:14881596,0.324084786749515,0.571652355071636,FALSE,FALSE,0.48934135522453,0.242868002978573,0.49631612040461
0,162,Trait_null_sim_162,I:14918122,0.70861456641552,0.0876770961253146,FALSE,FALSE,0.149589924471286,1.05711384250063,7.06674494446681
0,163,Trait_null_sim_163,I:14967529,0.927816630219982,0.193942264092585,FALSE,FALSE,0.0325378474369583,0.712327538718766,21.8922760670906
0,164,Trait_null_sim_164,I:14984035,0.206286435076767,0.986918791179817,FALSE,FALSE,0.685529329297804,0.00571858187290358,0.00834184859568472
0,165,Trait_null_sim_165,II:7078,0.279148562361711,0.442845269662626,FALSE,FALSE,0.554164604460457,0.353747989961888,0.638344612980654
0,166,Trait_null_sim_166,II:9049,0.537359625648619,0.44476380898715,FALSE,FALSE,0.269734967260346,0.351870559098295,1.30450479844043
0,167,Trait_null_sim_167,II:147624,0.558373600190487,0.351839409926136,FALSE,FALSE,0.25307512326926,0.453655516342875,1.79257253926221
0,168,Trait_null_sim_168,II:161589,3.12861724070582e-06,0.226282747442845,TRUE,FALSE,5.50464756578233,0.645348556853924,0.117237034549769
0,169,Trait_null_sim_169,II:192197,0.743924879557193,0.672734227542763,FALSE,FALSE,0.128470916659653,0.172156475610202,1.3400424009294
0,170,Trait_null_sim_170,II:367685,0.781008292436965,0.485369955701874,FALSE,FALSE,0.107344354931283,0.313927109909146,2.9244864353613
0,171,Trait_null_sim_171,II:746631,0.0176876645031564,0.466191323861719,TRUE,FALSE,1.75232950798077,0.331435813256545,0.189140119907278
0,172,Trait_null_sim_172,II:790866,0.872513999707156,0.285777984759659,FALSE,FALSE,0.0592275959483946,0.543971230638343,9.18442192238071
0,173,Trait_null_sim_173,II:801795,0.984351798452995,0.990882337589418,FALSE,FALSE,0.00684966089610732,0.00397791278966752,0.580745944945709
0,174,Trait_null_sim_174,II:1166080,0.842631558031373,0.635698750074248,FALSE,FALSE,0.0743622798136874,0.196748642488672,2.64581240625786
0,175,Trait_null_sim_175,II:1235444,0.524208313549351,0.642715079665088,FALSE,FALSE,0.280496095751155,0.191981510361098,0.684435588477556
0,176,Trait_null_sim_176,II:1263089,0.929005861006265,0.803938923003148,FALSE,FALSE,0.0319815460767027,0.0947769442991544,2.96348850902477
0,177,Trait_null_sim_177,II:1398458,0.00151515325743987,0.177631086358712,TRUE,FALSE,2.81954343614245,0.750481028125876,0.266171117814962
0,178,Trait_null_sim_178,II:1441754,0.445313370426228,0.102880946128872,FALSE,FALSE,0.351334265086252,0.987665050478769,2.81118339037127
0,179,Trait_null_sim_179,II:1492480,0.793059162120219,0.942750848121217,FALSE,FALSE,0.10069441315661,0.0256030682204608,0.254265032367191
0,180,Trait_null_sim_180,II:1614174,0.350497618616112,0.583569197464251,FALSE,FALSE,0.455314928411718,0.233907639541347,0.51372714783873
0,181,Trait_null_sim_181,II:1665391,0.314144630957707,0.17677615373737,FALSE,FALSE,0.502870358406635,0.752576319632621,1.49656130462171
0,182,Trait_null_sim_182,II:1667467,0.103999626779899,0.546135514041344,FALSE,FALSE,0.982968219236999,0.262699581291422,0.267251347653269
0,183,Trait_null_sim_183,II:1729418,0.0133770958749446,0.658713528023602,TRUE,FALSE,1.87363816028887,0.181303417345382,0.096765438059518
0,184,Trait_null_sim_184,II:2233737,0.394683608674155,0.645289509879123,FALSE,FALSE,0.403750909606976,0.190245394924863,0.471194963028203
0,185,Trait_null_sim_185,II:2338271,0.008416787151492,0.0624187778651893,TRUE,FALSE,2.07485365537148,1.20468473890043,0.580611907631018
0,186,Trait_null_sim_186,II:2477391,0.765046580247177,0.880656295595627,FALSE,FALSE,0.116312121802645,0.0551935558909406,0.474529696780801
0,187,Trait_null_sim_187,II:2477459,0.690250334612551,0.844477825249708,FALSE,FALSE,0.160993374155778,0.0734117498799803,0.455992367791155
0,188,Trait_null_sim_188,II:2529034,0.306916770139378,0.639751117060366,FALSE,FALSE,0.512979380776355,0.19398894712467,0.378161295354761
0,189,Trait_null_sim_189,II:2559264,0.8322195153994,0.782139270375532,FALSE,FALSE,0.0797621042954183,0.106715908103526,1.33792744118532
0,190,Trait_null_sim_190,II:2698394,0.823212112876961,0.70718456831066,FALSE,FALSE,0.0844882479189452,0.150467224763434,1.78092490339942
0,191,Trait_null_sim_191,II:2706699,0.85281705967099,0.483520153840645,FALSE,FALSE,0.0691441206452825,0.315585419162436,4.56416852535339
0,192,Trait_null_sim_192,II:2714783,0.848911828966631,0.744638034895569,FALSE,FALSE,0.0711374147993564,0.128054784497705,1.80010455621539
0,193,Trait_null_sim_193,II:2718674,0.803724320521179,0.2770081078026,FALSE,FALSE,0.0948928898177832,0.557507519302346,5.87512426244887
0,194,Trait_null_sim_194,II:2738610,0.379408183585888,0.728495876179404,FALSE,FALSE,0.420893305898955,0.137572902312108,0.326859326066676
0,195,Trait_null_sim_195,II:2746840,0.910663311926629,0.594005300375122,FALSE,FALSE,0.0406421595796076,0.226209679743727,5.56588729741686
0,196,Trait_null_sim_196,II:2752779,0.505384029686502,0.474993733756899,FALSE,FALSE,0.296378486057997,0.323312119665136,1.09087580534394
0,197,Trait_null_sim_197,II:2796420,0.923193003804032,0.164997218613579,FALSE,FALSE,0.03470749537207,0.782523376700977,22.5462358580531
0,198,Trait_null_sim_198,II:2828350,0.0554555045762244,0.358381843080293,FALSE,FALSE,1.25605533881278,0.445654001380968,0.354804432265063
0,199,Trait_null_sim_199,II:2863427,0.228360461457867,0.321296995922772,FALSE,FALSE,0.641379088066814,0.493093335015747,0.768801702752711
0,200,Trait_null_sim_200,II:2871390,0.0711413542143845,0.40515692762158,FALSE,FALSE,1.1478778720398,0.392376730860032,0.341827942168423
0,201,Trait_null_sim_201,II:2888707,0.667917618512186,0.0931687070911543,FALSE,FALSE,0.175277100446476,1.030729931205,5.88057383753759
0,202,Trait_null_sim_202,II:2951849,0.955149708711815,0.441565238293746,FALSE,FALSE,0.0199285524248581,0.355005123257643,17.8138941398886
0,203,Trait_null_sim_203,II:3050463,0.540801779334848,0.379225344910828,FALSE,FALSE,0.266961888157333,0.421102644996719,1.57738862241094
0,204,Trait_null_sim_204,II:3281716,0.911965724007688,0.994963295091294,FALSE,FALSE,0.0400214842089305,0.00219294039330838,0.0547940796463277
0,205,Trait_null_sim_205,II:3420306,0.781059264223935,0.0795378214042548,FALSE,FALSE,0.107316012026743,1.0994263088123,10.244755540658
0,206,Trait_null_sim_206,II:3421206,0.533085428765426,0.690193033096245,FALSE,FALSE,0.273203188218341,0.16102942885086,0.589412700126204
0,207,Trait_null_sim_207,II:3421235,0.508706844468102,0.684523298084107,FALSE,FALSE,0.293532419052877,0.16461176585406,0.56079586161284
0,208,Trait_null_sim_208,II:3494341,0.75060682346079,0.972141662193841,FALSE,FALSE,0.124587491910814,0.012270444305995,0.0984885731127713
0,209,Trait_null_sim_209,II:3556343,0.88259077748291,0.745496189344241,FALSE,FALSE,0.0542406149685993,0.127554572131843,2.35164317745449
0,210,Trait_null_sim_210,II:3557188,0.24859143503139,0.241610282272988,FALSE,FALSE,0.604513838617478,0.61688458727194,1.02046396271548
0,211,Trait_null_sim_211,II:3567121,0.478413521334021,0.785533365722117,FALSE,FALSE,0.320196554442369,0.104835363467737,0.32740940529579
0,212,Trait_null_sim_212,II:3608662,0.0858379298737212,0.0760057312466915,FALSE,FALSE,1.06632076465884,1.11915365831176,1.04954690502517
0,213,Trait_null_sim_213,II:3656025,0.337907189363674,0.861599419194836,FALSE,FALSE,0.471202568012744,0.0646946024683884,0.137296795179263
0,214,Trait_null_sim_214,II:3781043,0.446309154714043,0.34672831752334,FALSE,FALSE,0.350364204799588,0.46001068778717,1.31295001454359
0,215,Trait_null_sim_215,II:3802671,0.448621496543653,0.417068494645175,FALSE,FALSE,0.348119920216686,0.379792615521058,1.09098213996102
0,216,Trait_null_sim_216,II:3973552,0.577124377979005,0.334900032433338,FALSE,FALSE,0.238730580520389,0.475084810400954,1.99004588924199
0,217,Trait_null_sim_217,II:4273421,0.99157009069897,0.45082731025389,FALSE,FALSE,0.00367658158180514,0.345989783102178,94.1063799085627
0,218,Trait_null_sim_218,II:4657647,0.774822502584417,0.601780425672921,FALSE,FALSE,0.110797774883324,0.220561942818095,1.99067123008886
0,219,Trait_null_sim_219,II:4854344,0.614023182289758,0.212255413823711,FALSE,FALSE,0.211815231871111,0.67314122375172,3.17796419929481
0,220,Trait_null_sim_220,II:4910711,0.416557046578792,0.540692787898811,FALSE,FALSE,0.380325514502424,0.267049423279265,0.702160157802303
0,221,Trait_null_sim_221,II:4928198,0.165970161897452,0.0551398482349449,FALSE,FALSE,0.779969982369935,1.25853443356606,1.61356778082922
0,222,Trait_null_sim_222,II:5042212,0.0197372195088805,0.92392804302733,TRUE,FALSE,1.70471402881955,0.0343618510018123,0.0201569591268083
0,223,Trait_null_sim_223,II:5067883,0.764556094027914,0.314517202230163,FALSE,FALSE,0.116590645721777,0.50235559623039,4.30871270263975
0,224,Trait_null_sim_224,II:5224982,0.955887330458778,0.678017752820116,FALSE,FALSE,0.0195932945896826,0.168758934671466,8.61309637840745
0,225,Trait_null_sim_225,II:5473175,0.663130952422332,0.970544999967134,FALSE,FALSE,0.17840070040575,0.0129843234550749,0.0727817964029494
0,226,Trait_null_sim_226,II:5519475,0.877955311215729,0.870743564039122,FALSE,FALSE,0.0565275895453201,0.0601097268756115,1.0633697166128
0,227,Trait_null_sim_227,II:5675103,0.766410297935208,0.0533147126642601,FALSE,FALSE,0.115538668456666,1.27315292704878,11.0192799004455
0,228,Trait_null_sim_228,II:5765910,0.21754773830731,0.469904806904582,FALSE,FALSE,0.662445427405789,0.327990112326575,0.495120199728786
0,229,Trait_null_sim_229,II:5779759,0.543448497161728,0.306070942263791,FALSE,FALSE,0.264841607894732,0.514177899456939,1.94145437925793
0,230,Trait_null_sim_230,II:5908284,0.700098229237003,0.908239317769603,FALSE,FALSE,0.154841020810518,0.0417997013771638,0.269952375400023
0,231,Trait_null_sim_231,II:6187180,0.0102389638359504,0.403372680088294,TRUE,FALSE,1.98974399092834,0.394293519332692,0.198162940122125
0,232,Trait_null_sim_232,II:7433745,0.977532259381028,0.954192018054079,FALSE,FALSE,0.0098689016149647,0.0203642206942666,2.0634738787331
0,233,Trait_null_sim_233,II:7472293,0.806376592282698,0.202339533052729,FALSE,FALSE,0.0934620875329809,0.693919256580123,7.42460686356116
0,234,Trait_null_sim_234,II:7670509,0.798114138265615,0.925605573586546,FALSE,FALSE,0.0979349957742241,0.0335740389195377,0.342819629021459
0,235,Trait_null_sim_235,II:7777606,0.816837451456628,0.0463418202495677,FALSE,TRUE,0.0878643583500418,1.33402691165918,15.1827992226901
0,236,Trait_null_sim_236,II:7931319,0.0399086127487009,0.76175334531896,TRUE,FALSE,1.39893336833362,0.118185629851762,0.0844826726754982
0,237,Trait_null_sim_237,II:8238098,0.0158513027089792,0.496574570629314,TRUE,FALSE,1.79993504031862,0.304015524246089,0.168903608983729
0,238,Trait_null_sim_238,II:8890231,0.338432184959593,0.506185553636106,FALSE,FALSE,0.470528342188312,0.295690253618007,0.628421769967828
0,239,Trait_null_sim_239,II:9039425,0.163498495385931,0.175522919026706,FALSE,FALSE,0.786486239631183,0.755666167192737,0.9608129540157
0,240,Trait_null_sim_240,II:9087621,0.598576945346573,0.754231840156024,FALSE,FALSE,0.222880014361151,0.122495137652776,0.549601264177447
0,241,Trait_null_sim_241,II:9259026,0.682250810180928,0.844358673584451,FALSE,FALSE,0.166055939927912,0.0734730310174407,0.442459517252661
0,242,Trait_null_sim_242,II:9308993,0.976624063781302,0.221709810679026,FALSE,FALSE,0.010272579008807,0.654215088890497,63.6855738300593
0,243,Trait_null_sim_243,II:9351835,0.602316758386998,0.9975681505912,FALSE,FALSE,0.220175053193776,0.00105742505006215,0.004802656044468
0,244,Trait_null_sim_244,II:9397562,0.142083405253598,0.584865991924316,FALSE,FALSE,0.847456642886386,0.232943630729346,0.274873803497432
0,245,Trait_null_sim_245,II:9584108,0.412567486258464,0.977367473273741,FALSE,FALSE,0.384505001023382,0.00994211835960195,0.0258569286046747
0,246,Trait_null_sim_246,II:9602438,0.498153416845187,0.166041709579783,FALSE,FALSE,0.302636886500363,0.779782803737003,2.57662842343598
0,247,Trait_null_sim_247,II:9840801,0.416574219557226,0.881923370697811,FALSE,FALSE,0.380307610649632,0.0545691485743791,0.143486869697836
0,248,Trait_null_sim_248,II:9869358,0.871972271191506,0.383780706313057,FALSE,FALSE,0.0594973254573323,0.415916862201882,6.99051359039914
0,249,Trait_null_sim_249,II:9876818,0.117547993344704,0.0366016095751689,FALSE,TRUE,0.929784780292854,1.43649981585576,1.54498099592823
0,250,Trait_null_sim_250,II:10229460,0.304262704675237,0.795809485014243,FALSE,FALSE,0.516751278487698,0.0991908889332872,0.191950930868667
0,251,Trait_null_sim_251,II:10411299,0.620479696163133,0.402310881956059,FALSE,FALSE,0.207272425266917,0.395438220201414,1.90781875443482
0,252,Trait_null_sim_252,II:10497514,0.61437836436643,0.992446103152669,FALSE,FALSE,0.21156408659913,0.00329306918848653,0.0155653506293165
0,253,Trait_null_sim_253,II:10502449,0.916718937805172,0.699743061296627,FALSE,FALSE,0.0377637967950747,0.155061399336294,4.10608605320421
0,254,Trait_null_sim_254,II:10565110,0.836208918518654,0.803564033632638,FALSE,FALSE,0.0776852048281978,0.0949795098835177,1.22262031867672
0,255,Trait_null_sim_255,II:10610834,0.0851712400673397,0.601677637478036,FALSE,FALSE,1.06970702951294,0.220636129609174,0.206258464721537
0,256,Trait_null_sim_256,II:10680547,0.898043367068316,0.074909705452847,FALSE,FALSE,0.0467026904777915,1.12546191058424,24.0984384212175
0,257,Trait_null_sim_257,II:10726643,0.313115020100493,0.0757110210800731,FALSE,FALSE,0.50429609881457,1.1208408966443,2.22258490454123
0,258,Trait_null_sim_258,II:10841017,0.827854036405673,0.509419268858027,FALSE,FALSE,0.082046229364485,0.292924631809694,3.57023880413072
0,259,Trait_null_sim_259,II:10939696,0.631588952934236,0.0761250463723331,FALSE,FALSE,0.199565474803167,1.11847242980416,5.60453871546327
0,260,Trait_null_sim_260,II:10965596,0.303228072222509,0.830066650394243,FALSE,FALSE,0.518230595101408,0.0808870344476652,0.156083093534524
0,261,Trait_null_sim_261,II:10986621,0.499336633050746,0.06671163549547,FALSE,FALSE,0.301606571441003,1.17579841209886,3.8984509073565
0,262,Trait_null_sim_262,II:11286461,0.195573228127672,0.894362586668839,FALSE,FALSE,0.708690595725224,0.0484863766570291,0.068416847845161
0,263,Trait_null_sim_263,II:11307433,0.69243443902519,0.806456246158668,FALSE,FALSE,0.159621340122681,0.0934191900447853,0.58525501648455
0,264,Trait_null_sim_264,II:11612408,0.62914204150364,0.596004565995302,FALSE,FALSE,0.201251292746988,0.224750413113844,1.11676506543687
0,265,Trait_null_sim_265,II:11624318,0.799542440580295,0.805206099660816,FALSE,FALSE,0.0971584784835569,0.0940929438690757,0.968448099822806
0,266,Trait_null_sim_266,II:11836913,0.918749812498397,0.0628304642731324,FALSE,FALSE,0.0368027365400424,1.20182973114011,32.6559882261061
0,267,Trait_null_sim_267,II:11905550,0.832127275913103,0.134599001768817,FALSE,FALSE,0.0798102422197527,0.870958160973127,10.9128620180728
0,268,Trait_null_sim_268,II:11965168,0.142720480564461,0.271830081672928,FALSE,FALSE,0.845513700621105,0.565702484389171,0.66906365204208
0,269,Trait_null_sim_269,II:12001295,0.38921703062327,0.734562858972302,FALSE,FALSE,0.40980816495073,0.133971034268919,0.326911578945788
0,270,Trait_null_sim_270,II:12048286,0.789105046576114,0.212925360534143,FALSE,FALSE,0.102865179158584,0.671772608716204,6.53061234337183
0,271,Trait_null_sim_271,II:12053098,0.30120727745601,0.216513391912825,FALSE,FALSE,0.521134539374372,0.66451523624378,1.27513182496316
0,272,Trait_null_sim_272,II:12097910,0.933628246796675,0.45680661701747,FALSE,FALSE,0.0298260172429447,0.340267613796009,11.408416049129
0,273,Trait_null_sim_273,II:12112220,0.0199405492317246,0.739847378014098,TRUE,FALSE,1.70026288388684,0.130857860975135,0.0769633109181276
0,274,Trait_null_sim_274,II:12118931,0.18226651230262,0.81723496803816,FALSE,FALSE,0.739293116633766,0.0876530589496353,0.118563337027602
0,275,Trait_null_sim_275,II:12132758,0.39427251679695,0.260877594842763,FALSE,FALSE,0.404203494850234,0.583563218155378,1.44373620117164
0,276,Trait_null_sim_276,II:12151365,0.357254892513483,0.526232643712593,FALSE,FALSE,0.447021814945505,0.278822214888629,0.623732904226654
0,277,Trait_null_sim_277,II:12158167,0.689397886009922,0.332827096293845,FALSE,FALSE,0.16153005265948,0.47778132393221,2.95784788072481
0,278,Trait_null_sim_278,II:12205702,0.651880393682715,0.141101988538078,FALSE,FALSE,0.18583208084577,0.850466865728084,4.57653415845847
0,279,Trait_null_sim_279,II:12409509,0.695697590883944,0.238070239726479,FALSE,FALSE,0.157579500548662,0.62329489073696,3.95543131287234
0,280,Trait_null_sim_280,II:12613491,0.32195713841733,0.312481011263302,FALSE,FALSE,0.492201941309899,0.505176368573115,1.02635996767645
0,281,Trait_null_sim_281,II:12615693,0.911846276147986,0.987127146074701,FALSE,FALSE,0.0400783711538718,0.00562690479512754,0.140397541944115
0,282,Trait_null_sim_282,II:12707283,0.799497088308192,0.8869856896983,FALSE,FALSE,0.0971831135737661,0.0520833868595893,0.53593041984661
0,283,Trait_null_sim_283,II:12727665,0.0827246843474452,0.996868880778414,FALSE,FALSE,1.08236488130228,0.00136196114593477,0.00125831978611139
0,284,Trait_null_sim_284,II:12804012,0.0130320707032589,0.977404656803886,TRUE,FALSE,1.88498657250312,0.0099255961248993,0.00526560574472363
0,285,Trait_null_sim_285,II:12861681,0.527452861801986,0.26187676762772,FALSE,FALSE,0.277816346976312,0.581903028259085,2.09456007392071
0,286,Trait_null_sim_286,II:12928131,0.196491248313592,0.420901289921767,FALSE,FALSE,0.706656788259327,0.375819743282515,0.53182782579398
0,287,Trait_null_sim_287,II:12932190,0.297851924403731,0.675817237222493,FALSE,FALSE,0.525999589605018,0.170170735415306,0.323518760809471
0,288,Trait_null_sim_288,II:12996369,0.460334987604538,0.763498307320953,FALSE,FALSE,0.336926015446828,0.117191921439236,0.34782687019231
0,289,Trait_null_sim_289,II:13094331,0.177254770707418,0.548579764677776,FALSE,FALSE,0.751402067208227,0.260760216146111,0.347031539472527
0,290,Trait_null_sim_290,II:13096416,0.554889403600065,0.725719913255063,FALSE,FALSE,0.255793568575562,0.139230960013209,0.544309854186501
0,291,Trait_null_sim_291,II:13110886,0.224803257503908,0.542094290098098,FALSE,FALSE,0.648197399928057,0.265925167137314,0.410253369061382
0,292,Trait_null_sim_292,II:13141196,0.619632127609269,0.532529893781137,FALSE,FALSE,0.207866072382018,0.273656007908399,1.31650155685567
0,293,Trait_null_sim_293,II:13144858,0.977004322856917,0.923771838383259,FALSE,FALSE,0.0101035146960152,0.0344352815581618,3.40824778250116
0,294,Trait_null_sim_294,II:13199168,0.759342287285762,0.438267582024973,FALSE,FALSE,0.119562413867006,0.358260652248972,2.99643207812348
0,295,Trait_null_sim_295,II:13237829,0.85441559558707,0.642763747435703,FALSE,FALSE,0.0683308330968952,0.191948625892231,2.80910706327906
0,296,Trait_null_sim_296,II:13279387,0.287954120731507,0.356394476708753,FALSE,FALSE,0.540676702172624,0.448069035144416,0.828718961523441
0,297,Trait_null_sim_297,II:13292738,0.146465791421373,0.747993678944691,FALSE,FALSE,0.834263797369609,0.126102072203774,0.151153714929699
0,298,Trait_null_sim_298,II:13352001,0.374896499873529,0.295579620690534,FALSE,FALSE,0.426088614240248,0.529325512519264,1.24228973699073
0,299,Trait_null_sim_299,II:13383152,0.557588960802822,0.0858401951177543,FALSE,FALSE,0.253685833026757,1.06630930387449,4.20326705339524
0,300,Trait_null_sim_300,II:13409369,0.643072101264352,0.377105061139749,FALSE,FALSE,0.191740331234778,0.423537638874372,2.2089126275461
0,301,Trait_null_sim_301,II:13440956,0.691978802072631,0.855446107391246,FALSE,FALSE,0.159907209421699,0.0678073455616194,0.424041829051004
0,302,Trait_null_sim_302,II:13460660,0.635134943003702,0.310944668805017,FALSE,FALSE,0.197133993171448,0.507316884833449,2.57346222572702
0,303,Trait_null_sim_303,II:13467149,0.630983699506077,0.867919836403527,FALSE,FALSE,0.19998185994129,0.0615203856706711,0.307629830469285
0,304,Trait_null_sim_304,II:13469940,0.192571208338772,0.569630811617526,FALSE,FALSE,0.715408644492386,0.244406527528569,0.341632057999504
0,305,Trait_null_sim_305,II:13502415,0.531402973862051,0.0546052848978864,FALSE,FALSE,0.274576019499951,1.26276532266309,4.59896434132446
0,306,Trait_null_sim_306,II:13513966,0.641089515885087,0.322012399072423,FALSE,FALSE,0.193081325331967,0.492127405493421,2.54880892622474
0,307,Trait_null_sim_307,II:13628315,0.985874793344627,0.31253386198276,FALSE,FALSE,0.00617823720108793,0.505102921438134,81.7551843670213
0,308,Trait_null_sim_308,II:13643586,0.00202505769063083,0.0133937685452103,TRUE,TRUE,2.69356259992302,1.87309721028311,0.695397690158245
0,309,Trait_null_sim_309,II:13673535,0.612295827240511,0.72221007027724,FALSE,FALSE,0.213038700245135,0.141336460197,0.663430916703726
0,310,Trait_null_sim_310,II:13711222,0.478560504959688,0.795711669552914,FALSE,FALSE,0.320063146060729,0.0992442727227913,0.310077164285452
0,311,Trait_null_sim_311,II:13751350,0.820277311268461,0.898044799052599,FALSE,FALSE,0.0860393007947338,0.046701997969613,0.542798436740335
0,312,Trait_null_sim_312,II:13778345,0.00105136508605778,0.431665169123161,TRUE,FALSE,2.97824644921622,0.364852992964961,0.12250597765708
0,313,Trait_null_sim_313,II:13839500,0.0006513377783496,0.428158952523093,TRUE,FALSE,3.18619373150971,0.368394970734269,0.115622275912178
0,314,Trait_null_sim_314,II:13885875,0.956691766273816,0.753681424357826,FALSE,FALSE,0.0192279637579125,0.12281218845424,6.3871655886444
0,315,Trait_null_sim_315,II:13906945,0.403873722152849,0.0135656446344254,FALSE,TRUE,0.39375440306986,1.86755956389856,4.74295537862777
0,316,Trait_null_sim_316,II:13907643,0.862418003566047,0.204113184249533,FALSE,FALSE,0.064282185868171,0.690128942065448,10.7359283562752
0,317,Trait_null_sim_317,II:13908776,0.564622137963157,0.0140859728277901,FALSE,TRUE,0.24824209783849,1.85121315370829,7.45728935513879
0,318,Trait_null_sim_318,II:14031125,0.0582657512100037,0.65676594781905,FALSE,FALSE,1.23458664989211,0.182589372724274,0.147895145909953
0,319,Trait_null_sim_319,II:14065526,0.0456313509613094,0.472686150692309,TRUE,FALSE,1.34073667331902,0.325427121974683,0.242722622906318
0,320,Trait_null_sim_320,II:14074934,0.715759368776183,0.0247797486601181,FALSE,TRUE,0.145232958666239,1.60590310296711,11.0574288213577
0,321,Trait_null_sim_321,II:14075021,0.507408853013,0.0435757974364027,FALSE,TRUE,0.294641959697747,1.36075465656311,4.61833290125756
0,322,Trait_null_sim_322,II:14075065,0.531663736348552,0.907004039685273,FALSE,FALSE,0.27436296097755,0.0423907786409899,0.15450620043592
0,323,Trait_null_sim_323,II:14130092,0.581510661445869,0.830582106451646,FALSE,FALSE,0.235442318485551,0.080617429297678,0.342408407359553
0,324,Trait_null_sim_324,II:14149580,0.59561857082859,0.414240938938847,FALSE,FALSE,0.225031769814007,0.382746982514896,1.70085754038749
0,325,Trait_null_sim_325,II:14157630,0.149191178851154,0.317312148881068,FALSE,FALSE,0.826256854407063,0.498513299815745,0.603339381884448
0,326,Trait_null_sim_326,II:14186344,0.295916909180084,0.0701673557585704,FALSE,FALSE,0.528830217827578,1.15386488945522,2.18191935815481
0,327,Trait_null_sim_327,II:14187952,0.688761331943217,0.837483401524775,FALSE,FALSE,0.161931242789998,0.0770237916912764,0.475657386210302
0,328,Trait_null_sim_328,II:14212057,0.097773106284867,0.00564305687409869,FALSE,TRUE,1.00978058691249,2.24848557262864,2.22670707059601
0,329,Trait_null_sim_329,II:14242047,0.833576607286813,0.449244415640836,FALSE,FALSE,0.0790544815071266,0.347517312708567,4.39592172490865
0,330,Trait_null_sim_330,II:14245068,0.00655961791143752,0.426625251076575,TRUE,FALSE,2.18312145693334,0.369953443123175,0.169460770012702
0,331,Trait_null_sim_331,II:14259163,0.866665952313996,0.0492792154186167,FALSE,TRUE,0.0621482647175568,1.30733621525268,21.0357637690141
0,332,Trait_null_sim_332,II:14267125,0.432238400156126,0.958337760708036,FALSE,FALSE,0.364276652919934,0.0184813993149231,0.0507345150088034
0,333,Trait_null_sim_333,II:14267541,0.760709441323133,0.246451924765138,FALSE,FALSE,0.118781193592367,0.608267785699096,5.12090986209946
0,334,Trait_null_sim_334,II:14430811,0.0862596182432412,0.83257588272783,FALSE,FALSE,1.06419246823065,0.0795761734995911,0.0747761104078253
0,335,Trait_null_sim_335,II:14455445,0.916334417289551,0.118772784202487,FALSE,FALSE,0.0379460011374611,0.925283062930303,24.3842047961371
0,336,Trait_null_sim_336,II:14498242,0.998556645461692,0.951019325325743,FALSE,FALSE,0.000627293724019386,0.0218106578290887,34.7694500900421
0,337,Trait_null_sim_337,II:14543891,0.398917243666934,0.212861979761516,FALSE,FALSE,0.399117190394752,0.671901902931458,1.68347021652188
0,338,Trait_null_sim_338,II:15148114,0.463344193698623,0.895579452176506,FALSE,FALSE,0.334096274879725,0.0478958792608612,0.143359512996976
0,339,Trait_null_sim_339,II:15247524,0.817364900081848,0.312511153396718,FALSE,FALSE,0.087584016034833,0.505134478248833,5.76742767821855
0,340,Trait_null_sim_340,III:346901,0.930417075782212,0.809587178606172,FALSE,FALSE,0.0313223276756347,0.0917363783509678,2.92878547536327
0,341,Trait_null_sim_341,III:371458,0.581104889774545,0.0773897259857862,FALSE,FALSE,0.235745470124524,1.11131669104636,4.71405321366025
0,342,Trait_null_sim_342,III:529630,0.812633658893856,0.706573428198896,FALSE,FALSE,0.0901051933692774,0.150842698918695,1.6740733056362
0,343,Trait_null_sim_343,III:723688,0.0718556374172083,0.409850717718147,FALSE,FALSE,1.14353915372123,0.38737430005337,0.338750360049154
0,344,Trait_null_sim_344,III:811791,0.479190385367981,0.69942469460941,FALSE,FALSE,0.319491904357312,0.155259038107317,0.485956094629801
0,345,Trait_null_sim_345,III:824209,0.670324383894637,0.775291883289725,FALSE,FALSE,0.173714982309575,0.110534762736201,0.636299536554761
0,346,Trait_null_sim_346,III:842195,0.278262062395613,0.306504262692318,FALSE,FALSE,0.555546000332673,0.513563481175326,0.924430165760878
0,347,Trait_null_sim_347,III:856901,0.437732431235559,0.095611684912258,FALSE,FALSE,0.358791275674139,1.01948902840583,2.84145434275204
0,348,Trait_null_sim_348,III:905549,0.999989081864993,0.715027704618324,FALSE,FALSE,4.7417116715758e-06,0.145677130604847,30722.4775977226
0,349,Trait_null_sim_349,III:920838,0.00317448423401027,0.924027616146746,TRUE,FALSE,2.49832682549602,0.0343150489520605,0.0137352121435303
0,350,Trait_null_sim_350,III:923339,0.194302699088858,0.562267486444229,FALSE,FALSE,0.711521166506469,0.250057029181534,0.351440042759797
0,351,Trait_null_sim_351,III:985295,0.879777535120682,0.919623866009658,FALSE,FALSE,0.0556271318086746,0.0363897664786565,0.654172978103858
0,352,Trait_null_sim_352,III:1108368,0.646777995325654,0.258881823658607,FALSE,FALSE,0.189244764076719,0.586898440727276,3.10126646615887
0,353,Trait_null_sim_353,III:1134910,0.510099414776505,0.508553469861428,FALSE,FALSE,0.292345174723038,0.293663378149402,1.00450906510639
0,354,Trait_null_sim_354,III:1160212,0.571928832162627,0.243019721864808,FALSE,FALSE,0.24265800918247,0.614358480518945,2.53178736028024
0,355,Trait_null_sim_355,III:1165809,0.316811492547267,0.134343617619197,FALSE,FALSE,0.499199072476069,0.871782961151951,1.74636334324067
0,356,Trait_null_sim_356,III:1205374,0.366668205194768,0.481744863379157,FALSE,FALSE,0.435726747271812,0.317182907327374,0.727939951617225
0,357,Trait_null_sim_357,III:1223147,0.342832934192184,0.937867568023852,FALSE,FALSE,0.464917464313323,0.0278584820228068,0.0599213498334664
0,358,Trait_null_sim_358,III:1286178,0.559069114652023,0.481155190856305,FALSE,FALSE,0.252534499346936,0.317714824536624,1.25810463662686
0,359,Trait_null_sim_359,III:1550749,0.268285435755816,0.0110397914853318,FALSE,TRUE,0.571402902961921,1.95703912929024,3.42497232538678
0,360,Trait_null_sim_360,III:1679175,0.525703464018545,0.884128553831213,FALSE,FALSE,0.27925916127493,0.0534845832217449,0.191523110567139
0,361,Trait_null_sim_361,III:1710437,0.548883292864682,0.947622980775886,FALSE,FALSE,0.260519988251185,0.0233644157593834,0.089683774040617
0,362,Trait_null_sim_362,III:1778648,0.918142480029906,0.223604443191302,FALSE,FALSE,0.037089918483622,0.650519570936363,17.5389862672148
0,363,Trait_null_sim_363,III:1834618,0.132869181167797,0.234691574929169,FALSE,FALSE,0.876575741411648,0.629502500633391,0.718138172087255
0,364,Trait_null_sim_364,III:1841932,0.995491992131024,0.273828576037384,FALSE,FALSE,0.00196222914465388,0.562521231995422,286.674588198844
0,365,Trait_null_sim_365,III:1963498,0.566674505288016,0.705158927391489,FALSE,FALSE,0.246666325847649,0.151712991504178,0.61505351807884
0,366,Trait_null_sim_366,III:1985121,0.955324601677752,0.163454735052909,FALSE,FALSE,0.0198490380866342,0.786602494003379,39.6292500709671
0,367,Trait_null_sim_367,III:2008560,0.208737164420028,0.590478700458441,FALSE,FALSE,0.680400220481201,0.228795763486877,0.336266445247572
0,368,Trait_null_sim_368,III:2010613,0.000886354214152228,0.880483173554189,TRUE,FALSE,3.05239268611588,0.0552789391883473,0.0181100352650526
0,369,Trait_null_sim_369,III:2043104,0.924154225974108,0.53958009580779,FALSE,FALSE,0.0342555462037797,0.267944079089603,7.82191816459896
0,370,Trait_null_sim_370,III:2085993,0.866936334634525,0.605766963829766,FALSE,FALSE,0.0620127947177236,0.21769441508645,3.51047579902461
0,371,Trait_null_sim_371,III:2124847,0.035883495782125,0.0620541902117886,TRUE,FALSE,1.44510525445368,1.20722888742205,0.835391666940163
0,372,Trait_null_sim_372,III:2125841,0.104456039865414,0.429865454904635,FALSE,FALSE,0.981066443147692,0.366667454504085,0.373743753101629
0,373,Trait_null_sim_373,III:2158305,0.8834298478629,0.556686459649377,FALSE,FALSE,0.0538279316078862,0.254389341960664,4.72597282417952
0,374,Trait_null_sim_374,III:2160401,0.33125499127885,0.741830921052212,FALSE,FALSE,0.479837569150137,0.129695068334888,0.270289524358415
0,375,Trait_null_sim_375,III:2192356,0.225266332948819,0.709295698071764,FALSE,FALSE,0.64730371066016,0.149172674170023,0.230452369905137
0,376,Trait_null_sim_376,III:2197358,0.198832243495295,0.19204716797908,FALSE,FALSE,0.701513187158952,0.716592092769187,1.0214948284455
0,377,Trait_null_sim_377,III:2298418,0.550276680407681,0.284152694886912,FALSE,FALSE,0.259418891304516,0.546448220777213,2.10643187174743
0,378,Trait_null_sim_378,III:2328387,0.697426893474599,0.654940694606034,FALSE,FALSE,0.156501309810022,0.183798023934056,1.17441843877965
0,379,Trait_null_sim_379,III:2348744,0.587398142055549,0.784151645289878,FALSE,FALSE,0.231067431487544,0.105599941978754,0.457009199864007
0,380,Trait_null_sim_380,III:2348846,0.498365268022258,0.576171836210299,FALSE,FALSE,0.30245223206293,0.239447974235738,0.791688567158325
0,381,Trait_null_sim_381,III:2407646,0.497835167147224,0.68217247849505,FALSE,FALSE,0.302914428019649,0.166105805712606,0.548358844438507
0,382,Trait_null_sim_382,III:2427374,0.0316519769799105,0.725951829969812,TRUE,FALSE,1.49959915880139,0.139092195653011,0.0927529165621732
0,383,Trait_null_sim_383,III:2446834,0.0749488185748506,0.869561600460775,FALSE,FALSE,1.12523520858578,0.0606996467922846,0.053943963296859
0,384,Trait_null_sim_384,III:2527992,0.657411550924064,0.710893220058538,FALSE,FALSE,0.18216266949913,0.148195627711847,0.813534562922916
0,385,Trait_null_sim_385,III:2541352,0.624825049767914,0.13905815207479,FALSE,FALSE,0.204241567546407,0.856803546193423,4.19504979562372
0,386,Trait_null_sim_386,III:2598974,0.196403474963011,0.478452523267841,FALSE,FALSE,0.706850832516943,0.320161150689155,0.452940190434707
0,387,Trait_null_sim_387,III:2620210,0.298690907719187,0.372703360853989,FALSE,FALSE,0.524777997307104,0.428636690976342,0.816796232265625
0,388,Trait_null_sim_388,III:2648540,0.0338633748817901,0.733821196299258,TRUE,FALSE,1.47026976154016,0.134409747877353,0.0914184263278015
0,389,Trait_null_sim_389,III:2655383,0.613862499048378,0.563679910120546,FALSE,FALSE,0.211928896924014,0.248967443411616,1.17476874095599
0,390,Trait_null_sim_390,III:2700736,0.768908615469573,0.708497290694999,FALSE,FALSE,0.114125272884711,0.149661806162408,1.31138180334164
0,391,Trait_null_sim_391,III:2723494,0.978722598527521,0.34321897658537,FALSE,FALSE,0.00934038378445173,0.464428708007268,49.7226579469218
0,392,Trait_null_sim_392,III:2781298,0.88851767516714,0.193577373095133,FALSE,FALSE,0.051333928408816,0.713145407948177,13.8922819673723
0,393,Trait_null_sim_393,III:2781889,0.95203409238318,0.186211480610479,FALSE,FALSE,0.0213474992323505,0.729993546705506,34.1957406232977
0,394,Trait_null_sim_394,III:2834773,0.690786115337642,0.0351299775327706,FALSE,TRUE,0.160656400248826,1.45432212795909,9.05237591348137
0,395,Trait_null_sim_395,III:2838781,0.963186845446232,0.216160996330039,FALSE,FALSE,0.0162894573457243,0.665222666565748,40.8376198449827
0,396,Trait_null_sim_396,III:2839389,0.913155193092157,0.038154835420263,FALSE,TRUE,0.0394554067199523,1.4184504154217,35.9507234455753
0,397,Trait_null_sim_397,III:2840601,0.889047445656858,0.23889469446059,FALSE,FALSE,0.0510750614852065,0.621793495256716,12.1741115365434
0,398,Trait_null_sim_398,III:2852142,0.450764492473236,0.306382220950661,FALSE,FALSE,0.346050301433125,0.513736439976275,1.48457157196136
0,399,Trait_null_sim_399,III:2914714,0.627491699723373,0.120585790188006,FALSE,FALSE,0.202392014529281,0.918703866379389,4.53922981356795
0,400,Trait_null_sim_400,III:2937825,0.935007139393884,0.655763695233927,FALSE,FALSE,0.0291850729910862,0.183252630661491,6.27898483301585
0,401,Trait_null_sim_401,III:2941719,0.604430211388364,0.457463709807024,FALSE,FALSE,0.218653836339389,0.339643352429618,1.55333818109842
0,402,Trait_null_sim_402,III:3004733,0.82428377383272,0.149121961827675,FALSE,FALSE,0.0839232492334197,0.826458391435044,9.8477882944734
0,403,Trait_null_sim_403,III:3042319,0.821172536897039,0.759866264193696,FALSE,FALSE,0.0855655835020216,0.119262836447484,1.39381783617085
0,404,Trait_null_sim_404,III:3139996,0.697540216753552,0.0192999248988397,FALSE,TRUE,0.156430748039113,1.71444438094471,10.9597659183733
0,405,Trait_null_sim_405,III:3191469,0.978327462197728,0.798564000862217,FALSE,FALSE,0.00951575541485022,0.0976902716263814,10.2661604221065
0,406,Trait_null_sim_406,III:3205389,0.560058059769923,0.811887074603725,FALSE,FALSE,0.251766948474756,0.0905043725901036,0.359476782549867
0,407,Trait_null_sim_407,III:3212061,0.577810946152431,0.670710853729733,FALSE,FALSE,0.23821423506266,0.173464665663536,0.728187656870749
0,408,Trait_null_sim_408,III:3243065,0.564677788016119,0.49231993177373,FALSE,FALSE,0.248199295195219,0.307752581281648,1.23994139886493
0,409,Trait_null_sim_409,III:3364898,0.582053233865872,0.688935538835794,FALSE,FALSE,0.235037293499698,0.161821411528617,0.688492490358027
0,410,Trait_null_sim_410,III:3372663,0.478031187801309,0.337307518362232,FALSE,FALSE,0.320543768140687,0.471973978565199,1.47241664158028
0,411,Trait_null_sim_411,III:3379717,0.241298388821499,0.825183244961053,FALSE,FALSE,0.61744557791827,0.0834495987973264,0.135152962109921
0,412,Trait_null_sim_412,III:3421937,0.108691175193627,0.328700317572974,FALSE,FALSE,0.963805715530021,0.483199876325666,0.501345726155964
0,413,Trait_null_sim_413,III:3567562,0.97548045985852,0.60088023829569,FALSE,FALSE,0.0107814256652747,0.221212078796317,20.5178874913369
0,414,Trait_null_sim_414,III:3575622,0.945480417571181,0.65619294225714,FALSE,FALSE,0.0243474616670104,0.182968445018643,7.51488789759782
0,415,Trait_null_sim_415,III:3605193,0.793428526420681,0.270555069774907,FALSE,FALSE,0.100492189235731,0.567744323662142,5.64963633472394
0,416,Trait_null_sim_416,III:3615610,0.975913345056129,0.750721895251183,FALSE,FALSE,0.0105887432295416,0.12452091749168,11.7597447395153
0,417,Trait_null_sim_417,III:3703045,0.905148925590032,0.621416957358808,FALSE,FALSE,0.0432799597551037,0.206616899798657,4.77396238276983
0,418,Trait_null_sim_418,III:3717385,0.591178337356528,0.907121480984794,FALSE,FALSE,0.228281488244641,0.0423345486747393,0.185448890316375
0,419,Trait_null_sim_419,III:3785251,0.736188416034596,0.427052503642339,FALSE,FALSE,0.133011020483259,0.369518727690666,2.77810610239755
0,420,Trait_null_sim_420,III:3820303,0.902838764749696,0.51803410299597,FALSE,FALSE,0.0443898021026326,0.285641649028033,6.43484844486595
0,421,Trait_null_sim_421,III:3903968,0.861843762645382,0.462457162718974,FALSE,FALSE,0.0645714571113606,0.334928489641455,5.18694334346264
0,422,Trait_null_sim_422,III:4084995,0.665976385690921,0.519849266357058,FALSE,FALSE,0.176541169847637,0.284122564594294,1.60938417276551
0,423,Trait_null_sim_423,III:4119391,0.694473002166732,0.299091789597475,FALSE,FALSE,0.158344632918324,0.524195508671965,3.31047222132467
0,424,Trait_null_sim_424,III:4290970,0.768024370415541,0.41585943106145,FALSE,FALSE,0.11462499901918,0.381053444928455,3.32434851200909
0,425,Trait_null_sim_425,III:4656708,0.921372462038606,0.382197395168452,FALSE,FALSE,0.0355647720740037,0.417712277165419,11.7451132906528
0,426,Trait_null_sim_426,III:4778449,0.83654753282857,0.375105375988868,FALSE,FALSE,0.0775093772853652,0.425846711520914,5.49413150299324
0,427,Trait_null_sim_427,III:4801638,0.788128158417609,0.123649780985292,FALSE,FALSE,0.103403155647518,0.907806648546219,8.77929346412562
0,428,Trait_null_sim_428,III:4884998,0.145662088052507,0.680532867552121,FALSE,FALSE,0.836653468766055,0.167150894925282,0.199785097612523
0,429,Trait_null_sim_429,III:5063758,0.787246650137828,0.903444210735777,FALSE,FALSE,0.103889178680941,0.0440986607208432,0.424477903095919
0,430,Trait_null_sim_430,III:5095566,0.255906704285267,0.359562731225661,FALSE,FALSE,0.59191833624663,0.444225329346584,0.750484149829566
0,431,Trait_null_sim_431,III:5231025,0.771108797824912,0.389336272806567,FALSE,FALSE,0.112884341843324,0.409675133024996,3.62915818381259
0,432,Trait_null_sim_432,III:5268162,0.90409001663487,0.811068216355284,FALSE,FALSE,0.0437883264034691,0.0909426171319178,2.07686898772895
0,433,Trait_null_sim_433,III:5332159,0.406979925150423,0.831651450000159,FALSE,FALSE,0.390427012424452,0.0800586509423232,0.20505407770118
0,434,Trait_null_sim_434,III:5492078,0.933460165756891,0.614608584216678,FALSE,FALSE,0.0299042102923976,0.211401378261385,7.06928476606952
0,435,Trait_null_sim_435,III:5654659,0.67355787510531,0.329551172007616,FALSE,FALSE,0.17162508181331,0.482077139506936,2.80889677903448
0,436,Trait_null_sim_436,III:5915967,0.327390823359576,0.607647421379315,FALSE,FALSE,0.484933497862844,0.216348340734664,0.44614022683138
0,437,Trait_null_sim_437,III:5979161,0.90998974662728,0.756993822647352,FALSE,FALSE,0.0409635010945991,0.120907664490831,2.95159498724517
0,438,Trait_null_sim_438,III:6145273,0.880168842785649,0.889657868924344,FALSE,FALSE,0.055434009149308,0.0507769756078785,0.915989595324306
0,439,Trait_null_sim_439,III:6232740,0.945885050207059,0.545466029709941,FALSE,FALSE,0.0241616385390805,0.26323229103147,10.8946374065526
0,440,Trait_null_sim_440,III:6249347,0.541171951334925,0.137498919549032,FALSE,FALSE,0.266664720751685,0.861700714457261,3.23140125933519
0,441,Trait_null_sim_441,III:6610691,0.891500177359749,0.287020926864836,FALSE,FALSE,0.0498785660877822,0.542086437445127,10.8681239250362
0,442,Trait_null_sim_442,III:6842245,0.493029468512081,0.0408257697767345,FALSE,TRUE,0.307127122041819,1.38906561781882,4.52277092489956
0,443,Trait_null_sim_443,III:6949772,0.896657018632673,0.77436623088986,FALSE,FALSE,0.0473736477029055,0.111053594307572,2.34420610808825
0,444,Trait_null_sim_444,III:7031231,0.0111825446033268,0.31967244882379,TRUE,FALSE,1.95145936090043,0.495294792065511,0.253807382305402
0,445,Trait_null_sim_445,III:7138148,0.387202714356754,0.739119308247289,FALSE,FALSE,0.412061606874935,0.131285452361263,0.31860636897703
0,446,Trait_null_sim_446,III:7219387,0.14385794084329,0.474843122464364,FALSE,FALSE,0.842066160403903,0.323449847851573,0.384114530497732
0,447,Trait_null_sim_447,III:7267945,0.842332200046636,0.687607627332822,FALSE,FALSE,0.0745165971058301,0.162659314518167,2.18286020612502
0,448,Trait_null_sim_448,III:8090543,0.128354706852804,0.598041821434687,FALSE,FALSE,0.891588200831889,0.223268444467733,0.250416553583161
0,449,Trait_null_sim_449,III:8450481,0.566697683883499,0.900231437425277,FALSE,FALSE,0.246648562334102,0.0456458249212824,0.18506422453601
0,450,Trait_null_sim_450,III:9034719,0.965625366276262,0.463339355442035,FALSE,FALSE,0.0151913341605945,0.334100809821864,21.9928550244456
0,451,Trait_null_sim_451,III:9073864,0.899954325086659,0.82957690533672,FALSE,FALSE,0.0457795315231074,0.081143346812403,1.77248093444219
0,452,Trait_null_sim_452,III:9368075,0.415101003910334,0.428914559688813,FALSE,FALSE,0.381846216290979,0.367629211198123,0.962767720390288
0,453,Trait_null_sim_453,III:9493729,0.891761826271803,0.0144872371887047,FALSE,TRUE,0.0497511224712135,1.83901442944288,36.9642801628638
0,454,Trait_null_sim_454,III:9755421,0.993585663073942,0.416529206445398,FALSE,FALSE,0.0027946837665251,0.380354541067847,136.099313140097
0,455,Trait_null_sim_455,III:9958439,0.646789204733281,0.754104017846324,FALSE,FALSE,0.189237237318345,0.122568745296067,0.647698872764008
0,456,Trait_null_sim_456,III:10062547,0.218076851649209,0.514832912926043,FALSE,FALSE,0.661390431324357,0.28833369672248,0.435950813720007
0,457,Trait_null_sim_457,III:10128680,0.885537461959786,0.289237195136123,FALSE,FALSE,0.0527930616017699,0.538745858667723,10.204861061698
0,458,Trait_null_sim_458,III:10133024,0.887329594932914,0.844604534211314,FALSE,FALSE,0.0519150332993682,0.073346591419674,1.41281988584541
0,459,Trait_null_sim_459,III:10149520,0.486281458438129,0.986861122641744,FALSE,FALSE,0.313112289452021,0.00574395970525067,0.0183447277502368
0,460,Trait_null_sim_460,III:10153134,0.948093984774762,0.244348963985293,FALSE,FALSE,0.0231486088160558,0.611989497996252,26.4374201862091
0,461,Trait_null_sim_461,III:10207735,0.591745137661579,0.997995908290983,FALSE,FALSE,0.227865301958949,0.000871239284062065,0.00382348377121069
0,462,Trait_null_sim_462,III:10328571,0.721664656836195,0.71254977126811,FALSE,FALSE,0.141664563535357,0.147184794993603,1.03896691819382
0,463,Trait_null_sim_463,III:10514686,0.265265317913368,0.94217829274139,FALSE,FALSE,0.576319528093275,0.0258669058834264,0.0448829245280058
0,464,Trait_null_sim_464,III:10596875,0.748437192392509,0.333006902494674,FALSE,FALSE,0.125844639064206,0.477546764438784,3.79473267983342
0,465,Trait_null_sim_465,III:10679336,0.544019616452536,0.561175950646422,FALSE,FALSE,0.264385440074812,0.250900949057345,0.948996847127244
0,466,Trait_null_sim_466,III:10684784,0.490324212518047,0.547810635113885,FALSE,FALSE,0.309516660489598,0.26136954067198,0.844444173888869
0,467,Trait_null_sim_467,III:10750355,0.954179286645287,0.524386807300868,FALSE,FALSE,0.0203700153533788,0.280348242970715,13.7627899688457
0,468,Trait_null_sim_468,III:10833608,0.782742967138527,0.735359249197977,FALSE,FALSE,0.106380825782783,0.133500440742403,1.25492953979315
0,469,Trait_null_sim_469,III:10994643,0.0708170278972865,0.513025057023906,FALSE,FALSE,1.1498623039955,0.289861422682608,0.252083594422923
0,470,Trait_null_sim_470,III:11191250,0.933452208134422,0.0074704609409364,FALSE,TRUE,0.0299079126102737,2.12665260060372,71.1066876620869
0,471,Trait_null_sim_471,III:11263749,0.761400053836368,0.521921364132505,FALSE,FALSE,0.11838709681396,0.282394925533968,2.38535223122956
0,472,Trait_null_sim_472,III:11267731,0.915834680511262,0.412505465422203,FALSE,FALSE,0.0381829147835409,0.384570292963802,10.0717898343783
0,473,Trait_null_sim_473,III:11438790,0.351979432653804,0.983065467331239,FALSE,FALSE,0.453482713072798,0.00741755932558362,0.016356873397273
0,474,Trait_null_sim_474,III:11462205,0.687448107962392,0.0894441473167447,FALSE,FALSE,0.162760078990279,1.04844807176737,6.44167831738392
0,475,Trait_null_sim_475,III:11529162,0.676177464982936,0.0623383578422224,FALSE,FALSE,0.169939307093826,1.20524464237767,7.09220640585664
0,476,Trait_null_sim_476,III:11561278,0.598689805763043,0.13450719067065,FALSE,FALSE,0.222798136774226,0.871254497928416,3.9105107005958
0,477,Trait_null_sim_477,III:11584935,0.959733147551906,0.626107919708042,FALSE,FALSE,0.0178495051438439,0.2033508027414,11.3925176694063
0,478,Trait_null_sim_478,III:11614028,0.793927015041609,0.073207963807678,FALSE,FALSE,0.100219420018222,1.13544167236235,11.3295574066973
0,479,Trait_null_sim_479,III:11649030,0.619639734263435,0.176426133909788,FALSE,FALSE,0.207860740980521,0.75343708262739,3.62472046945122
0,480,Trait_null_sim_480,III:11650019,0.0539272480379974,0.4267690647894,FALSE,FALSE,1.26819174163297,0.369807068812187,0.291601858513926
0,481,Trait_null_sim_481,III:11651788,0.684823091275438,0.54817123319523,FALSE,FALSE,0.16442160428238,0.261083759005162,1.58789205436028
0,482,Trait_null_sim_482,III:11729697,0.015276152293678,0.0518589229822798,TRUE,FALSE,1.81598602063295,1.28517650699802,0.707701762236077
0,483,Trait_null_sim_483,III:11781434,0.243012688502275,0.88897071372875,FALSE,FALSE,0.614371049847544,0.0511125462013299,0.083194913259688
0,484,Trait_null_sim_484,III:11828710,0.836941891637223,0.169934595455077,FALSE,FALSE,0.0773046937598477,0.769718198024586,9.95694000697769
0,485,Trait_null_sim_485,III:11853805,0.224064770577432,0.358218531078247,FALSE,FALSE,0.64962642167357,0.44585195132658,0.68632053200357
0,486,Trait_null_sim_486,III:11897326,0.791825769914061,0.0873530350276474,FALSE,FALSE,0.101370368270406,1.05872200112339,10.4440974141403
0,487,Trait_null_sim_487,III:11897377,0.924006430740275,0.443391547310577,FALSE,FALSE,0.0343250062416926,0.353212590408189,10.2902411122991
0,488,Trait_null_sim_488,III:11908221,0.755192707001505,0.674659265635364,FALSE,FALSE,0.121942212730507,0.170915510748569,1.40161070495164
0,489,Trait_null_sim_489,III:11918521,0.88968887644257,0.644128143443242,FALSE,FALSE,0.050761839273042,0.191027725102616,3.76321519941586
0,490,Trait_null_sim_490,III:11939026,0.0516516903486041,0.953101814787709,FALSE,FALSE,1.28691546122938,0.0208607035184115,0.0162098476138312
0,491,Trait_null_sim_491,III:12057271,0.536840680830063,0.289890929777416,FALSE,FALSE,0.270154581530207,0.537765372810722,1.99058394554968
0,492,Trait_null_sim_492,III:12078223,0.724141808697945,0.0108375897168426,FALSE,TRUE,0.140176377581383,1.96506729427989,14.018533851319
0,493,Trait_null_sim_493,III:12080574,0.0524518081759042,0.161163682675102,FALSE,FALSE,1.2802395357396,0.792732817312437,0.619206636869306
0,494,Trait_null_sim_494,III:12177680,0.100490720592587,0.130422765770199,FALSE,FALSE,0.997874039551909,0.884646594298783,0.886531324831369
0,495,Trait_null_sim_495,III:12205552,0.390992084256533,0.0806568259089193,FALSE,FALSE,0.40783203492768,1.09335887279908,2.68090483130626
0,496,Trait_null_sim_496,III:12285276,0.904066777175285,0.628225564302695,FALSE,FALSE,0.0437994900028814,0.201884394888014,4.60928642947058
0,497,Trait_null_sim_497,III:12309843,0.0501562590467763,0.943923277460866,FALSE,FALSE,1.29967486324452,0.0250633039323195,0.0192842876638787
0,498,Trait_null_sim_498,III:12393316,0.0377808842291787,0.0394577499911387,TRUE,TRUE,1.42272788200552,1.40386768325749,0.986743635949942
0,499,Trait_null_sim_499,III:12396158,0.179628941378192,0.405742167405531,FALSE,FALSE,0.745623689560457,0.391749855199549,0.525398885100451
0,500,Trait_null_sim_500,III:12415738,0.155157393655649,0.506150072550875,FALSE,FALSE,0.809227524318673,0.29572069656427,0.365435786200242
0,501,Trait_null_sim_501,III:12501085,0.791522249017822,0.00271978561225651,FALSE,TRUE,0.101536872981205,2.56546532798179,25.2663417008782
0,502,Trait_null_sim_502,III:12528761,0.586353401934656,0.786933684264437,FALSE,FALSE,0.231840550793196,0.104061864555181,0.448851006431592
0,503,Trait_null_sim_503,III:12566882,0.983962648865028,0.689476249183327,FALSE,FALSE,0.00702138703582169,0.161480689642273,22.9984031386437
0,504,Trait_null_sim_504,III:12583572,0.802395182522632,0.225644654244006,FALSE,FALSE,0.0956116874279652,0.646574950908872,6.76250956658419
0,505,Trait_null_sim_505,III:12643546,0.259346131662575,0.708422963582114,FALSE,FALSE,0.586120225442237,0.149707369566438,0.255420924015174
0,506,Trait_null_sim_506,III:12662638,0.797962396207649,0.682029009709774,FALSE,FALSE,0.0980175741935196,0.166197152485849,1.69558524431262
0,507,Trait_null_sim_507,III:12680774,0.897767543675503,0.234419696275596,FALSE,FALSE,0.0468360993770292,0.630005901082119,13.4512888447561
0,508,Trait_null_sim_508,III:12717308,0.158167170769101,0.478836303250089,FALSE,FALSE,0.800883653792663,0.319812930731149,0.399325082009907
0,509,Trait_null_sim_509,III:12717926,0.176942143844015,0.812706552079033,FALSE,FALSE,0.752168715088831,0.0900662389302027,0.119742069994982
0,510,Trait_null_sim_510,III:12839409,0.570001659761826,0.719533395323495,FALSE,FALSE,0.244123879723381,0.142949044579161,0.585559449330144
0,511,Trait_null_sim_511,III:12841204,0.401361644843006,0.256465400445472,FALSE,FALSE,0.396464132169717,0.590971216942661,1.49060449354768
0,512,Trait_null_sim_512,III:12851499,0.646354294791977,0.68551025519279,FALSE,FALSE,0.189529361115625,0.16398604380616,0.865227650433107
0,513,Trait_null_sim_513,III:12905171,0.20772441838558,0.79235575111784,FALSE,FALSE,0.682512448352793,0.101079785508463,0.148099548590525
0,514,Trait_null_sim_514,III:12934613,0.817388009413858,0.176715691128456,FALSE,FALSE,0.087571737414236,0.752724886441448,8.59552303822491
0,515,Trait_null_sim_515,III:13106974,0.921334671075707,0.0293492868150258,FALSE,TRUE,0.0355825854382226,1.53240244760417,43.0660793399816
0,516,Trait_null_sim_516,III:13161041,0.785005040485008,0.913528592742576,FALSE,FALSE,0.105127554658828,0.0392778550153414,0.373620932616672
0,517,Trait_null_sim_517,III:13166184,0.757325509504949,0.807103547819797,FALSE,FALSE,0.120717414295619,0.0930707436399051,0.770980261488942
0,518,Trait_null_sim_518,III:13214906,0.994173552901053,0.662013426080919,FALSE,FALSE,0.00253779418626447,0.179133202684576,70.586182147518
0,519,Trait_null_sim_519,III:13250134,0.698629753332892,0.0268531518068931,FALSE,TRUE,0.155752922515816,1.57100473298087,10.0865184909859
0,520,Trait_null_sim_520,III:13475413,0.78450250534319,0.833473845167948,FALSE,FALSE,0.105405665136337,0.0791080240032916,0.750510173252734
0,521,Trait_null_sim_521,III:13555202,0.439224415574579,0.811764837899736,FALSE,FALSE,0.357313526357163,0.0905697643476841,0.253474211488855
0,522,Trait_null_sim_522,III:13608338,0.574107074592352,0.814149512172977,FALSE,FALSE,0.241007101386187,0.0892958330110674,0.370511211070004
0,523,Trait_null_sim_523,III:13668588,0.0334807453060137,0.449740120164609,TRUE,FALSE,1.4752048828566,0.347038368405138,0.235247573023978
0,524,Trait_null_sim_524,III:13700578,0.972892768197567,0.854781589232772,FALSE,FALSE,0.0119350248359227,0.0681448404863514,5.7096521727584
0,525,Trait_null_sim_525,IV:88900,0.0203220545965997,0.685639053062797,TRUE,FALSE,1.69203238620811,0.163904453560586,0.0968683902841247
0,526,Trait_null_sim_526,IV:91419,0.287853240312847,0.235308630682232,FALSE,FALSE,0.540828877405413,0.62836214341927,1.16185020747004
0,527,Trait_null_sim_527,IV:153379,0.738198247762775,0.811119251481395,FALSE,FALSE,0.131826990009857,0.0909152907296372,0.689656122185902
0,528,Trait_null_sim_528,IV:366726,0.977762963157343,0.922142934348732,FALSE,FALSE,0.00976641747209149,0.0352017570507663,3.60436743067341
0,529,Trait_null_sim_529,IV:384662,0.253921925953961,0.208218205698368,FALSE,FALSE,0.595299796528084,0.681481300336196,1.14476991981308
0,530,Trait_null_sim_530,IV:518807,0.974163389740177,0.649946021072171,FALSE,FALSE,0.0113681957790121,0.187122710624752,16.4601942350622
0,531,Trait_null_sim_531,IV:753734,0.808476348048431,0.738398599330986,FALSE,FALSE,0.092332680843917,0.131709135794984,1.42646281458708
0,532,Trait_null_sim_532,IV:935980,0.883381561164958,0.247664901987832,FALSE,FALSE,0.0538516700175021,0.606135535412696,11.255649735945
0,533,Trait_null_sim_533,IV:945486,0.966950947194512,0.0988700715525595,FALSE,FALSE,0.0145955568405652,1.00493515154356,68.8521282552619
0,534,Trait_null_sim_534,IV:1063857,0.418966663280013,0.706427881896516,FALSE,FALSE,0.377820531996754,0.150932167988195,0.399481116578101
0,535,Trait_null_sim_535,IV:1073431,0.962035802796155,0.78600641673586,FALSE,FALSE,0.0168087651061882,0.104573908487818,6.22139150777462
0,536,Trait_null_sim_536,IV:1115391,0.982347650460194,0.832759392118255,FALSE,FALSE,0.00773478924244035,0.0794804605015356,10.2757112068976
0,537,Trait_null_sim_537,IV:1130512,0.582879702704551,0.428284263764157,FALSE,FALSE,0.234421067612258,0.368267882376587,1.57096751639114
0,538,Trait_null_sim_538,IV:1144939,0.320661126514454,0.387470077041684,FALSE,FALSE,0.493953686044594,0.411761830905954,0.833604126336614
0,539,Trait_null_sim_539,IV:1153056,0.80834207584267,0.473330602922755,FALSE,FALSE,0.0924048147054655,0.324835415559847,3.51535162529398
0,540,Trait_null_sim_540,IV:1177760,0.260507145884484,0.308265888018737,FALSE,FALSE,0.584180359214227,0.51107453062502,0.87485743497515
0,541,Trait_null_sim_541,IV:1205357,0.650838808828162,0.0948491263798667,FALSE,FALSE,0.186526558443533,1.02296666488233,5.48429496270374
0,542,Trait_null_sim_542,IV:1212189,0.601691958255147,0.155832092474094,FALSE,FALSE,0.22062579291046,0.807343097695934,3.65933233392883
0,543,Trait_null_sim_543,IV:1212576,0.187316576055041,0.768444567755525,FALSE,FALSE,0.727423789252079,0.114387455146888,0.157250088376266
0,544,Trait_null_sim_544,IV:1220516,0.182565202488643,0.371317537107887,FALSE,FALSE,0.738581996830787,0.430254538817673,0.582541330094519
0,545,Trait_null_sim_545,IV:1277708,0.651624131293798,0.570942474768603,FALSE,FALSE,0.186002841039889,0.243407646831381,1.30862327408849
0,546,Trait_null_sim_546,IV:1310724,0.0249797732436619,0.230735330883713,TRUE,FALSE,1.60241150829468,0.636885899917497,0.397454646712618
0,547,Trait_null_sim_547,IV:1355579,0.404485805766578,0.995854864525641,FALSE,FALSE,0.393096714065085,0.00180395086195842,0.00458907642168624
0,548,Trait_null_sim_548,IV:1393419,0.331141203189107,0.0680213699299208,FALSE,FALSE,0.479986777555561,1.16735462575505,2.43205579891191
0,549,Trait_null_sim_549,IV:1412534,0.803829295432412,0.898979365027073,FALSE,FALSE,0.0948361700613794,0.0462502768515628,0.48768604659624
0,550,Trait_null_sim_550,IV:1426209,0.286361374542153,0.456891842073304,FALSE,FALSE,0.543085561624229,0.340186596319821,0.626395950027488
0,551,Trait_null_sim_551,IV:1433593,0.0914114298019144,0.0580816131116923,FALSE,FALSE,1.03899949803474,1.23596133039718,1.1895687464094
0,552,Trait_null_sim_552,IV:1475786,0.40001102729413,0.580342413208975,FALSE,FALSE,0.397928036104591,0.23631568869876,0.593865390868432
0,553,Trait_null_sim_553,IV:1535206,0.587657410055722,0.0475383307244437,FALSE,TRUE,0.230875783248558,1.32295607229002,5.7301638728638
0,554,Trait_null_sim_554,IV:1542816,0.26529298402422,0.973184732187908,FALSE,FALSE,0.576274235279099,0.0118047131182793,0.0204845408585065
0,555,Trait_null_sim_555,IV:1557508,0.680956568453391,0.724820589666022,FALSE,FALSE,0.166880586593138,0.139769478339893,0.837541868669583
0,556,Trait_null_sim_556,IV:1663864,0.988035954062276,0.276607691317084,FALSE,FALSE,0.00522725139745188,0.558135748123571,106.774230984116
0,557,Trait_null_sim_557,IV:1711210,0.879230927076208,0.537433819302272,FALSE,FALSE,0.0558970439440872,0.269675008028967,4.8244949822162
0,558,Trait_null_sim_558,IV:1718623,0.996715693487102,0.963551768199888,FALSE,FALSE,0.00142870363211195,0.016124947288152,11.2864186285547
0,559,Trait_null_sim_559,IV:1733524,0.20341190826297,0.967539026717715,FALSE,FALSE,0.691623625938782,0.0143315082250035,0.0207215423064105
0,560,Trait_null_sim_560,IV:1758910,0.913071593247844,0.353024358908577,FALSE,FALSE,0.039495168431225,0.452195326978764,11.4493834294236
0,561,Trait_null_sim_561,IV:1856477,0.533924972496196,0.409316525309749,FALSE,FALSE,0.272519766042887,0.387940721257593,1.42353241708178
0,562,Trait_null_sim_562,IV:1872635,0.203689389190254,0.608688828650264,FALSE,FALSE,0.691031594152253,0.215604668840169,0.312004068503799
0,563,Trait_null_sim_563,IV:1895159,0.134917655065222,0.655818451255433,FALSE,FALSE,0.86993121566757,0.18321636874977,0.210610178655531
0,564,Trait_null_sim_564,IV:1905645,0.0546613726085998,0.871434732100953,FALSE,FALSE,1.26231946688309,0.0597651347156313,0.0473454908076501
0,565,Trait_null_sim_565,IV:1906914,0.0616168023650688,0.880689564194023,FALSE,FALSE,1.21030084336473,0.0551771498357348,0.0455896152913006
0,566,Trait_null_sim_566,IV:1914938,0.864506878777033,0.37712925540502,FALSE,FALSE,0.0632315467474648,0.423509776350288,6.69776081932187
0,567,Trait_null_sim_567,IV:1921650,0.372268231699508,0.274132452784081,FALSE,FALSE,0.429144023642676,0.562039548076836,1.30967581304316
0,568,Trait_null_sim_568,IV:1938437,0.125338810744745,0.936533084618276,FALSE,FALSE,0.901914430343286,0.0284768758292082,0.031573811074704
0,569,Trait_null_sim_569,IV:2027746,0.796721950557977,0.811625698108538,FALSE,FALSE,0.0986932173833462,0.0906442105666784,0.918444174482592
0,570,Trait_null_sim_570,IV:2039120,0.160864553091435,0.115866250817463,FALSE,FALSE,0.793539643239458,0.936043045642734,1.17957943704178
0,571,Trait_null_sim_571,IV:2051930,0.695583112368038,0.562953983291022,FALSE,FALSE,0.157650970508319,0.249527103584811,1.58278190600573
0,572,Trait_null_sim_572,IV:2052489,0.155923214315996,0.900078494176958,FALSE,FALSE,0.807089220931795,0.0457196148924238,0.0566475350019419
0,573,Trait_null_sim_573,IV:2079778,0.919646720309268,0.751796081426934,FALSE,FALSE,0.0363789736173099,0.12389994228155,3.40581192820119
0,574,Trait_null_sim_574,IV:2088555,0.921022224101422,0.270221886088854,FALSE,FALSE,0.0357298902285976,0.568279479064212,15.9048761535061
0,575,Trait_null_sim_575,IV:2202760,0.925306701893787,0.590124286882132,FALSE,FALSE,0.0337142922743941,0.229056511370419,6.79404774408943
0,576,Trait_null_sim_576,IV:2221176,0.891498649071144,0.832547648898263,FALSE,FALSE,0.0498793105945067,0.0795909012914359,1.59566963421907
0,577,Trait_null_sim_577,IV:2300184,0.990996294087082,0.541188150948428,FALSE,FALSE,0.00392796959195983,0.266651720636956,67.8853831207771
0,578,Trait_null_sim_578,IV:2378392,0.981902486124861,0.282808800341223,FALSE,FALSE,0.00793164036041604,0.548507080447392,69.1543054807167
0,579,Trait_null_sim_579,IV:2403240,0.0239034779612409,0.595885038329833,TRUE,FALSE,1.62153890451279,0.224837518841646,0.138656876018155
0,580,Trait_null_sim_580,IV:2407992,0.764883137856238,0.76624089309191,FALSE,FALSE,0.116404913161521,0.115634674109332,0.993383105306556
0,581,Trait_null_sim_581,IV:2457799,0.129259671150644,0.0867696027674958,FALSE,FALSE,0.888536953299949,1.0616323907501,1.19480949757609
0,582,Trait_null_sim_582,IV:2462895,0.845541604490112,0.0396951948523512,FALSE,TRUE,0.0728650182780172,1.40126206188704,19.2309299441951
0,583,Trait_null_sim_583,IV:2477166,0.83991362200283,0.721379391842482,FALSE,FALSE,0.0757653751481598,0.141836268639407,1.87204601524173
0,584,Trait_null_sim_584,IV:2490038,0.930701045306502,0.659891282151639,FALSE,FALSE,0.0311897983138628,0.180527609080591,5.78803387133004
0,585,Trait_null_sim_585,IV:2537574,0.0236209541761275,0.364731475734416,TRUE,FALSE,1.62670256290129,0.438026756159989,0.269272801401843
0,586,Trait_null_sim_586,IV:2545449,0.176924583346417,0.821262418932738,FALSE,FALSE,0.75221181847565,0.0855180500858256,0.113688788164918
0,587,Trait_null_sim_587,IV:2616835,0.984412425493566,0.753978920893171,FALSE,FALSE,0.00682291316383744,0.122640795599384,17.9748433923212
0,588,Trait_null_sim_588,IV:2636844,0.201091618978504,0.718912049594885,FALSE,FALSE,0.696606029389518,0.143324237172006,0.20574647810271
0,589,Trait_null_sim_589,IV:2638510,0.76619603023795,0.0581589822374383,FALSE,FALSE,0.115660102483741,1.23538320208939,10.6811525803641
0,590,Trait_null_sim_590,IV:2671362,0.63325725297375,0.847482867215975,FALSE,FALSE,0.198419827343276,0.0718690727694489,0.362207112725241
0,591,Trait_null_sim_591,IV:2691789,0.256925732285851,0.545378878491016,FALSE,FALSE,0.590192396978886,0.263301685485743,0.446128562200307
0,592,Trait_null_sim_592,IV:2712140,0.534961269374818,0.498361781338772,FALSE,FALSE,0.271677659297791,0.302455270502388,1.11328723636735
0,593,Trait_null_sim_593,IV:2745087,0.754529351103125,0.780331849091177,FALSE,FALSE,0.122323861555465,0.10772066707873,0.880618594842886
0,594,Trait_null_sim_594,IV:2851271,0.619333272638875,0.000675208064371149,FALSE,TRUE,0.208075587622755,3.17056237934008,15.2375510052067
0,595,Trait_null_sim_595,IV:2870341,0.877946444163379,0.870979872556652,FALSE,FALSE,0.0565319757951709,0.0599918809723376,1.06120262256007
0,596,Trait_null_sim_596,IV:2978967,0.0125790913394836,0.274754555249797,TRUE,FALSE,1.90035072935982,0.561055098527945,0.295237657901681
0,597,Trait_null_sim_597,IV:3248007,0.790877846374359,0.981249756058638,FALSE,FALSE,0.101890589501402,0.00822043821346864,0.0806790720683341
0,598,Trait_null_sim_598,IV:3365714,0.413531360875119,0.386914501501142,FALSE,FALSE,0.383491549379739,0.412384992677563,1.07534310298247
0,599,Trait_null_sim_599,IV:3419692,0.921164209495066,0.896799578412371,FALSE,FALSE,0.035662944264858,0.0473046045759113,1.32643575989111
0,600,Trait_null_sim_600,IV:3432080,0.869716029628895,0.0409204591752008,FALSE,TRUE,0.060622525423533,1.38805950164274,22.8967614256452
0,601,Trait_null_sim_601,IV:3616138,0.904669793196197,0.277390374296718,FALSE,FALSE,0.0435099104760738,0.556908613422614,12.7995807697389
0,602,Trait_null_sim_602,IV:3677532,0.647914242319003,0.862414275710644,FALSE,FALSE,0.188482473376838,0.0642840631371093,0.341061224343042
0,603,Trait_null_sim_603,IV:3725246,0.81803747867553,0.41644748248988,FALSE,FALSE,0.087226798518038,0.380439758970115,4.36150088543536
0,604,Trait_null_sim_604,IV:3772615,0.499033312710873,0.592573640123945,FALSE,FALSE,0.301870462305242,0.227257671457612,0.75283176009389
0,605,Trait_null_sim_605,IV:3848210,0.652127171452348,0.476260474450068,FALSE,FALSE,0.185667704153867,0.322155459724006,1.73511845364894
0,606,Trait_null_sim_606,IV:3986155,0.083511833582354,0.370498367135466,FALSE,FALSE,1.07825198085909,0.431213701707918,0.399919229792976
0,607,Trait_null_sim_607,IV:4014695,0.082901280025043,0.652997377816456,FALSE,FALSE,1.08143876373777,0.185088562679184,0.171150294298184
0,608,Trait_null_sim_608,IV:4055327,0.923679932383587,0.100951010759242,FALSE,FALSE,0.0344784916372292,0.995889328379936,28.8843647471107
0,609,Trait_null_sim_609,IV:4069814,0.692957730242242,0.71888413613792,FALSE,FALSE,0.159293256127631,0.143341100007577,0.899856676247035
0,610,Trait_null_sim_610,IV:4110471,0.16616157749071,0.30743623535916,FALSE,FALSE,0.77946939338522,0.512244946565934,0.657171341059672
0,611,Trait_null_sim_611,IV:4244916,0.98305081054196,0.720502546342325,FALSE,FALSE,0.00742403438789631,0.142364479998546,19.1761611760108
0,612,Trait_null_sim_612,IV:4246469,0.627996740055739,0.733448722348198,FALSE,FALSE,0.202042610688725,0.134630243619843,0.666345792904348
0,613,Trait_null_sim_613,IV:4303013,0.362615864562087,0.986168770697018,FALSE,FALSE,0.440553199299935,0.00604875452106821,0.0137299071501014
0,614,Trait_null_sim_614,IV:4361453,0.175572207103201,0.0676253278782942,FALSE,FALSE,0.755544231351463,1.16989061622343,1.54840784652782
0,615,Trait_null_sim_615,IV:4429323,0.856067645423924,0.456488938125941,FALSE,FALSE,0.0674919165452797,0.340569742048786,5.04608195294471
0,616,Trait_null_sim_616,IV:4432995,0.547706835725352,0.0980517143679507,FALSE,FALSE,0.261451838769454,1.00854480858435,3.85747835368513
0,617,Trait_null_sim_617,IV:4640107,0.219632753382047,0.0834012852178029,FALSE,FALSE,0.658302893946944,1.07882725681191,1.63880072035482
0,618,Trait_null_sim_618,IV:4675064,0.341329900986658,0.82939902062507,FALSE,FALSE,0.466825665238198,0.0812364817973913,0.174018885092662
0,619,Trait_null_sim_619,IV:5272415,0.931800193265818,0.354647059891849,FALSE,FALSE,0.0306772038102389,0.450203636204676,14.6755108121821
0,620,Trait_null_sim_620,IV:5366597,0.861049203938421,0.436146114984961,FALSE,FALSE,0.0649720304413791,0.360367991692355,5.54650961720361
0,621,Trait_null_sim_621,IV:5519552,0.79159046220884,0.435551710849315,FALSE,FALSE,0.101499447203166,0.360960276010365,3.55627824541595
0,622,Trait_null_sim_622,IV:5600583,0.942780498772154,0.883209768518061,FALSE,FALSE,0.0255894093501279,0.0539361361841367,2.10775229104172
0,623,Trait_null_sim_623,IV:5681748,0.846442812093103,0.426922086401545,FALSE,FALSE,0.0724023786435093,0.369651376809556,5.10551426258555
0,624,Trait_null_sim_624,IV:5883674,0.844080664806015,0.77315652588627,FALSE,FALSE,0.0736160479168238,0.11173257406732,1.51777468675802
0,625,Trait_null_sim_625,IV:5891866,0.949565801758385,0.824301555008582,FALSE,FALSE,0.0224749347180263,0.0839138808781106,3.73366516659141
0,626,Trait_null_sim_626,IV:6382565,0.414715977126974,0.813866438175051,FALSE,FALSE,0.382249232915654,0.0894468603722946,0.234001412350856
0,627,Trait_null_sim_627,IV:6606060,0.942623991929095,0.94522860245889,FALSE,FALSE,0.025661510651267,0.0244631451626893,0.953301054452204
0,628,Trait_null_sim_628,IV:6933332,0.313309437323537,0.430876507131999,FALSE,FALSE,0.504026523357018,0.365647184493852,0.72545226798482
0,629,Trait_null_sim_629,IV:6985454,0.928766416914322,0.669638238835321,FALSE,FALSE,0.0320934965559588,0.174159754475658,5.42663695655567
0,630,Trait_null_sim_630,IV:7394549,0.371315608352378,0.715988726324698,FALSE,FALSE,0.430256794703718,0.145093815867452,0.337226088358153
0,631,Trait_null_sim_631,IV:7420153,0.854235073269093,0.320739263963986,FALSE,FALSE,0.0684226012368414,0.493847871755006,7.21761322761724
0,632,Trait_null_sim_632,IV:7526964,0.637813205944833,0.530021912414499,FALSE,FALSE,0.195306492917465,0.275706175221885,1.41165903449199
0,633,Trait_null_sim_633,IV:7705207,0.841164637413687,0.708916004766279,FALSE,FALSE,0.0751189933548531,0.149405218734417,1.98891401577554
0,634,Trait_null_sim_634,IV:7719257,0.0296075695264597,0.942633344144693,TRUE,FALSE,1.52859724220781,0.0256572018329959,0.016784801859212
0,635,Trait_null_sim_635,IV:7775931,0.544003984380495,0.38507719101517,FALSE,FALSE,0.264397919441294,0.414452204850693,1.56753202039744
0,636,Trait_null_sim_636,IV:7857231,0.999354659640249,0.895072231187498,FALSE,FALSE,0.000280358230162874,0.0481419162590894,171.715723241374
0,637,Trait_null_sim_637,IV:8000380,0.459560523182743,0.594345296758316,FALSE,FALSE,0.337657284814575,0.225961169653399,0.669202708827934
0,638,Trait_null_sim_638,IV:8014478,0.296069306150135,0.965857149210657,FALSE,FALSE,0.528606614091883,0.0150871012213024,0.0285412645606434
0,639,Trait_null_sim_639,IV:8112614,0.208116099126737,0.895760771667808,FALSE,FALSE,0.681694323000918,0.0478079606692338,0.0701310822991399
0,640,Trait_null_sim_640,IV:8129515,0.942638612919516,0.701624149584177,FALSE,FALSE,0.0256547743849841,0.153895471166176,5.99870686277606
0,641,Trait_null_sim_641,IV:9276598,0.523205061531418,0.245084089623444,FALSE,FALSE,0.281328063260754,0.610684881375516,2.1707215209792
0,642,Trait_null_sim_642,IV:9595582,0.321567229022107,0.247872366375985,FALSE,FALSE,0.492728216702339,0.605771887106171,1.22942398379454
0,643,Trait_null_sim_643,IV:10271588,0.155328660373322,0.805963742283454,FALSE,FALSE,0.808748403295375,0.0936844952673783,0.115838862723742
0,644,Trait_null_sim_644,IV:10357384,0.988685330164703,0.979363995873799,FALSE,FALSE,0.00494190973562061,0.00905586588932403,1.83246282789234
0,645,Trait_null_sim_645,IV:10400748,0.779612631327161,0.110178590965119,FALSE,FALSE,0.108121133034091,0.957902785965117,8.85953336858838
0,646,Trait_null_sim_646,IV:10515538,0.407221399302843,0.223494631810182,FALSE,FALSE,0.39016940809038,0.650732903866337,1.66782143954146
0,647,Trait_null_sim_647,IV:10545333,0.43484478579401,0.432293245673533,FALSE,FALSE,0.361665733165418,0.364221550007938,1.00706679291995
0,648,Trait_null_sim_648,IV:10607083,0.661239241155364,0.05782268367544,FALSE,FALSE,0.179641381187184,1.23790175565416,6.89096102174968
0,649,Trait_null_sim_649,IV:10615944,0.991275190391952,0.734959945238173,FALSE,FALSE,0.00380576319593801,0.133736328992063,35.1404756698481
0,650,Trait_null_sim_650,IV:10917169,0.0206943330070444,0.635472858861756,TRUE,FALSE,1.68414856665526,0.196902993494372,0.11691545353711
0,651,Trait_null_sim_651,IV:11232002,0.0360308753957568,0.786267652946966,TRUE,FALSE,1.44332518625578,0.1044295908422,0.0723534736569713
0,652,Trait_null_sim_652,IV:11233799,0.964233684038708,0.90167503751341,FALSE,FALSE,0.0158177011701462,0.0449499534149584,2.84175007047139
0,653,Trait_null_sim_653,IV:11375159,0.855501054437167,0.546866606585832,FALSE,FALSE,0.0677794508382977,0.262118595217943,3.86722807541304
0,654,Trait_null_sim_654,IV:11460255,0.748327629875251,0.193460902550575,FALSE,FALSE,0.125908219388978,0.713406790449678,5.6660859307818
0,655,Trait_null_sim_655,IV:11582356,0.908372979695283,0.665796105441143,FALSE,FALSE,0.0417357927083198,0.176658749567408,4.23278768902338
0,656,Trait_null_sim_656,IV:11644426,0.438872798833979,0.273731914326643,FALSE,FALSE,0.357661335724608,0.562674565366844,1.57320489850234
0,657,Trait_null_sim_657,IV:12166484,0.977866545361227,0.752548133936708,FALSE,FALSE,0.00972041164182957,0.123465716817763,12.701696323894
0,658,Trait_null_sim_658,IV:12335729,0.0731499227744092,0.642817249895965,FALSE,FALSE,1.13578612803034,0.191912477530794,0.168968851436498
0,659,Trait_null_sim_659,IV:12581579,0.000847110203741099,0.0110497895886183,TRUE,TRUE,3.07206008699715,1.95664599178629,0.636916575970642
0,660,Trait_null_sim_660,IV:13034418,0.980057309709797,0.881307465678616,FALSE,FALSE,0.0087485278146494,0.0548725508930928,6.27220397027358
0,661,Trait_null_sim_661,IV:13297500,0.667221574971209,0.678130587571296,FALSE,FALSE,0.17572991899584,0.168686666014037,0.959920012357313
0,662,Trait_null_sim_662,IV:13520367,0.0991795479597815,0.833356620528015,FALSE,FALSE,1.00357787546636,0.0791691100170135,0.0788868626465321
0,663,Trait_null_sim_663,IV:13606952,0.211382888784686,0.855928294733868,FALSE,FALSE,0.674930171272488,0.0675626167548479,0.100103121227294
0,664,Trait_null_sim_664,IV:13640697,0.660069687931162,0.0875969440642996,FALSE,FALSE,0.180410210691071,1.05751104450728,5.86170284074514
0,665,Trait_null_sim_665,IV:13812486,0.787366536985303,0.40358485450443,FALSE,FALSE,0.103823046634242,0.39406514007777,3.7955459105917
0,666,Trait_null_sim_666,IV:14035933,0.437201708248601,0.119467917348981,FALSE,FALSE,0.359318149829627,0.922748707176133,2.56805482164945
0,667,Trait_null_sim_667,IV:14054499,0.749162297463327,0.404355126100618,FALSE,FALSE,0.125424087163918,0.393237046869921,3.1352593888604
0,668,Trait_null_sim_668,IV:14079467,0.360806057014801,0.477766813333023,FALSE,FALSE,0.442726180370603,0.320784020527749,0.72456528380414
0,669,Trait_null_sim_669,IV:14190195,0.89808937676407,0.902835798681476,FALSE,FALSE,0.0466804407225293,0.0443912288791815,0.95095993508384
0,670,Trait_null_sim_670,IV:14270605,0.578391207926414,0.245273687564343,FALSE,FALSE,0.237778317335351,0.610349039476206,2.56688265909208
0,671,Trait_null_sim_671,IV:14374505,0.786338977363563,0.582216278804229,FALSE,FALSE,0.104390196628826,0.234915655826078,2.25036127349537
0,672,Trait_null_sim_672,IV:14380359,0.818522229622004,0.580441887302622,FALSE,FALSE,0.0869695214187174,0.23624125445624,2.71636833918919
0,673,Trait_null_sim_673,IV:14423062,0.0955554560002221,0.750038366633215,FALSE,FALSE,1.01974451066923,0.124916520620404,0.122497860310544
0,674,Trait_null_sim_674,IV:14652346,0.861832817070495,0.272438943893298,FALSE,FALSE,0.0645769727664789,0.56473081192416,8.74508029303759
0,675,Trait_null_sim_675,IV:14701484,0.935023291776139,0.397425604063203,FALSE,FALSE,0.0291775705565093,0.400744156991771,13.734664996033
0,676,Trait_null_sim_676,IV:14824981,0.984846686988562,0.106607933627096,FALSE,FALSE,0.00663137171269791,0.97221047446273,146.607748228186
0,677,Trait_null_sim_677,IV:14976235,0.675635093968848,0.179124693519045,FALSE,FALSE,0.170287800307093,0.746844539668437,4.38577830191944
0,678,Trait_null_sim_678,IV:15005638,0.594828682074588,0.252712894052531,FALSE,FALSE,0.225608098377389,0.597372598709279,2.64783313633546
0,679,Trait_null_sim_679,IV:15009319,0.657357480575277,0.605024833102294,FALSE,FALSE,0.182198390532351,0.218226799466605,1.19774273981776
0,680,Trait_null_sim_680,IV:15038308,0.904382529594911,0.668097844536696,FALSE,FALSE,0.0436478357271754,0.175159929394823,4.01302668223175
0,681,Trait_null_sim_681,IV:15051395,0.849124062912263,0.132080734630009,FALSE,FALSE,0.0710288516854889,0.879160524202621,12.3775128464062
0,682,Trait_null_sim_682,IV:15109294,0.0138183716294357,0.664623109525985,TRUE,FALSE,1.85954313163744,0.177424561996329,0.0954129855757075
0,683,Trait_null_sim_683,IV:15136339,0.972132628859588,0.52576929684533,FALSE,FALSE,0.0122744798757062,0.279204778822998,22.7467706697375
0,684,Trait_null_sim_684,IV:15205747,0.932999967435279,0.548278290190865,FALSE,FALSE,0.030118371411784,0.260998950244504,8.66577235123632
0,685,Trait_null_sim_685,IV:15217206,0.708900848991734,0.122926820117129,FALSE,FALSE,0.149414503529186,0.910353352604827,6.09280445406694
0,686,Trait_null_sim_686,IV:15234422,0.198606692038412,0.0143672728822335,FALSE,TRUE,0.702006122072306,1.84262565946466,2.62479998611019
0,687,Trait_null_sim_687,IV:15254432,0.197218178837996,0.839543660776,FALSE,FALSE,0.705053055900115,0.0759567132948061,0.107731911320964
0,688,Trait_null_sim_688,IV:15327832,0.998458247982218,0.77267905583331,FALSE,FALSE,0.000670091083762454,0.112000859541301,167.142739629416
0,689,Trait_null_sim_689,IV:15559567,0.384544652742615,0.996851972376754,FALSE,FALSE,0.415053223316996,0.00136932749867899,0.00329916122018204
0,690,Trait_null_sim_690,IV:15560684,0.656045530737083,0.514488611253766,FALSE,FALSE,0.183066018762008,0.288624234360029,1.57661283241894
0,691,Trait_null_sim_691,IV:15561707,0.359447308004402,0.549504601997622,FALSE,FALSE,0.444364764586071,0.260028666090711,0.585169407689041
0,692,Trait_null_sim_692,IV:15562184,0.872824435535451,0.699501358356264,FALSE,FALSE,0.0590731037697857,0.155211437818248,2.62744680596306
0,693,Trait_null_sim_693,IV:15767529,0.316978596625366,0.846444895508502,FALSE,FALSE,0.498970061698074,0.0724013096821039,0.145101510571017
0,694,Trait_null_sim_694,IV:15852000,0.905064126595016,0.470641982060558,FALSE,FALSE,0.0433206485962197,0.327309335629979,7.55550404336609
0,695,Trait_null_sim_695,IV:15877287,0.0591613329179842,0.957821912797507,FALSE,FALSE,1.22796204981368,0.018715231504958,0.015240887540293
0,696,Trait_null_sim_696,IV:15986656,0.321997339379345,0.371066199764231,FALSE,FALSE,0.492147716806165,0.430548603518164,0.874836129104177
0,697,Trait_null_sim_697,IV:15999689,0.962782795398639,0.37779330519459,FALSE,FALSE,0.0164716790224687,0.422745742398327,25.6650060884301
0,698,Trait_null_sim_698,IV:16180710,0.517325070044677,0.250922488351813,FALSE,FALSE,0.286236474774284,0.600460414295461,2.0977774225628
0,699,Trait_null_sim_699,IV:16203225,0.927550728854814,0.53888563250519,FALSE,FALSE,0.0326623289805715,0.268503395188339,8.22058327034955
0,700,Trait_null_sim_700,IV:16276783,0.00486615565261171,0.512072077517893,TRUE,FALSE,2.31281400350442,0.290668904912559,0.125677596413777
0,701,Trait_null_sim_701,IV:16448349,0.421964618208722,0.0999995895716972,FALSE,FALSE,0.374723963163728,1.00000178247113,2.6686357980106
0,702,Trait_null_sim_702,IV:16548100,0.570270990371053,0.180968209659618,FALSE,FALSE,0.243918720370385,0.742397710114262,3.0436274386277
0,703,Trait_null_sim_703,IV:16610446,0.809490965368517,0.955756905814095,FALSE,FALSE,0.0917879939921331,0.0196525553061937,0.214108125163712
0,704,Trait_null_sim_704,IV:16610955,0.147180316463441,0.720309235346926,FALSE,FALSE,0.832150267599818,0.142481016939962,0.17122029816913
0,705,Trait_null_sim_705,IV:16637841,0.317586109884788,0.907503141709891,FALSE,FALSE,0.498138500364293,0.0421518627933289,0.0846187611728523
0,706,Trait_null_sim_706,IV:16652234,0.853923912899125,0.833257333093843,FALSE,FALSE,0.0685808244868474,0.0792208556354158,1.15514586224622
0,707,Trait_null_sim_707,IV:16862761,0.880297861924445,0.564107517148444,FALSE,FALSE,0.0553703529608784,0.248638112941976,4.490455625552
0,708,Trait_null_sim_708,IV:17444415,0.141984119970534,0.0287477131809068,FALSE,TRUE,0.847760226003046,1.54139669679744,1.81819888397536
0,709,Trait_null_sim_709,V:7776,0.840551770799389,0.195006181804491,FALSE,FALSE,0.0754355325753965,0.709951621042484,9.41136884442222
0,710,Trait_null_sim_710,V:121900,0.658859870030509,0.166535045772982,FALSE,FALSE,0.181206943742582,0.778494359249353,4.29616185324146
0,711,Trait_null_sim_711,V:251110,0.974147077551445,0.887510028607971,FALSE,FALSE,0.0113754680219869,0.0518267308424506,4.55600866199772
0,712,Trait_null_sim_712,V:324196,0.000131847372543905,0.871562099449199,TRUE,FALSE,3.8799285204102,0.0597016636460169,0.0153873101867622
0,713,Trait_null_sim_713,V:383781,0.335298699754262,0.0729116255320134,FALSE,FALSE,0.474568130706712,1.13720321925589,2.3962907445184
0,714,Trait_null_sim_714,V:428792,0.645602098557006,0.969615978285372,FALSE,FALSE,0.190035066591057,0.0134002363873692,0.0705145456980613
0,715,Trait_null_sim_715,V:445840,0.956753686035936,0.990800645944728,FALSE,FALSE,0.0191998559161274,0.00401371895121943,0.209049430826614
0,716,Trait_null_sim_716,V:474854,0.87657405487318,0.466036769345192,FALSE,FALSE,0.0572113878825649,0.331579817014391,5.79569608929973
0,717,Trait_null_sim_717,V:612759,0.466976738521306,0.354791285947967,FALSE,FALSE,0.330704752374888,0.450027055444561,1.36081218129702
0,718,Trait_null_sim_718,V:748455,0.260653390123093,0.0219648328379654,FALSE,TRUE,0.583936622157727,1.65827209755803,2.83981520362686
0,719,Trait_null_sim_719,V:1037183,0.920754530292109,0.217705539981556,FALSE,FALSE,0.0358561356541256,0.662130519269394,18.4663100802724
0,720,Trait_null_sim_720,V:1267827,0.453008157471581,0.32487480224364,FALSE,FALSE,0.343893977428678,0.488283971852676,1.41986776128973
0,721,Trait_null_sim_721,V:1593901,0.626693316421011,0.622601297443085,FALSE,FALSE,0.202944936953057,0.205789978623331,1.0140187861446
0,722,Trait_null_sim_722,V:1644847,0.749563951639354,0.603449897531634,FALSE,FALSE,0.12519130790011,0.219358782118106,1.75218859677648
0,723,Trait_null_sim_723,V:1662619,0.926341784741118,0.608461862008541,FALSE,FALSE,0.0332287456720257,0.215766637874859,6.49337293692991
0,724,Trait_null_sim_724,V:1754307,0.844823200213459,0.044217171125854,FALSE,TRUE,0.0732341682165898,1.3544090456499,18.4942231014933
0,725,Trait_null_sim_725,V:1803338,0.384816087648261,0.00952911659183905,FALSE,TRUE,0.414746780109225,2.02094735928537,4.87272585637228
0,726,Trait_null_sim_726,V:1938253,0.131162864567438,0.189986035997649,FALSE,FALSE,0.882189107005371,0.721278318584178,0.817600572095691
0,727,Trait_null_sim_727,V:1986158,0.620129094833817,0.459457266957323,FALSE,FALSE,0.207517892214803,0.337754875110632,1.62759399445432
0,728,Trait_null_sim_728,V:2079280,0.270841418140842,0.57068756143453,FALSE,FALSE,0.567284920878417,0.243601593123403,0.429416654943333
0,729,Trait_null_sim_729,V:2178233,0.00320657010346781,0.917275585828707,TRUE,FALSE,2.49395926090301,0.0375001655036046,0.0150363985857678
0,730,Trait_null_sim_730,V:2197348,0.671074062615179,0.0954226514011045,FALSE,FALSE,0.173229546581993,1.02034852036071,5.89015292421701
0,731,Trait_null_sim_731,V:2244737,0.796963328789627,0.167141859760906,FALSE,FALSE,0.0985616616286223,0.776914769816293,7.88252508103695
0,732,Trait_null_sim_732,V:2722243,0.242875272034684,0.957647100425632,FALSE,FALSE,0.614616699956357,0.0187945019584712,0.0305792243520324
0,733,Trait_null_sim_733,V:2746187,0.753366823681105,0.55327106504681,FALSE,FALSE,0.122993508913045,0.257062041911448,2.0900455982046
0,734,Trait_null_sim_734,V:3072751,0.857780660315391,0.989364628376235,FALSE,FALSE,0.066623749671894,0.00464362052896162,0.0696991771227279
0,735,Trait_null_sim_735,V:3175155,0.0581362589753845,0.0777194943003823,FALSE,FALSE,1.2355529181903,1.10947003389917,0.897954282301566
0,736,Trait_null_sim_736,V:3442922,0.833838915853203,0.885401675336788,FALSE,FALSE,0.0789178399054411,0.0528596605943132,0.669806227053977
0,737,Trait_null_sim_737,V:3757927,0.566191881581238,0.0967877411289981,FALSE,FALSE,0.247036362116355,1.0141796457616,4.10538609406788
0,738,Trait_null_sim_738,V:3805337,0.173625594964648,0.609314776486548,FALSE,FALSE,0.760386253050321,0.215158289676687,0.282959205027143
0,739,Trait_null_sim_739,V:3948757,0.887173279678052,0.925156196218718,FALSE,FALSE,0.0519915469571041,0.033784938148341,0.649815982129083
0,740,Trait_null_sim_740,V:4130119,0.92088770256445,0.855722602466084,FALSE,FALSE,0.0357933265133605,0.0676669967045736,1.89049197981964
0,741,Trait_null_sim_741,V:4132716,0.483923288878913,0.473308869089889,FALSE,FALSE,0.315223476903107,0.324855357436275,1.03055572074706
0,742,Trait_null_sim_742,V:4327316,0.766868341381848,0.635239364214391,FALSE,FALSE,0.115279190835099,0.197062597590728,1.70943772387001
0,743,Trait_null_sim_743,V:4439252,0.992552724956668,0.94778126847684,FALSE,FALSE,0.00324641398595845,0.0232918787528172,7.17464835155357
0,744,Trait_null_sim_744,V:4543496,0.292351462221133,0.985723248876968,FALSE,FALSE,0.534094729659837,0.0062450002276149,0.0116926827411166
0,745,Trait_null_sim_745,V:4568605,0.598814228665492,0.479362305106403,FALSE,FALSE,0.222707888760696,0.319336119922571,1.4338787983649
0,746,Trait_null_sim_746,V:4593651,0.574551512117891,0.845463743849505,FALSE,FALSE,0.24067102802765,0.0729050115833369,0.302923921424231
0,747,Trait_null_sim_747,V:4605061,0.329679536754493,0.0680198431164465,FALSE,FALSE,0.481908008727065,1.16736437407545,2.42238010768692
0,748,Trait_null_sim_748,V:4651341,0.61112673528979,0.273796470087331,FALSE,FALSE,0.213868716550427,0.562572155294344,2.63045556343299
0,749,Trait_null_sim_749,V:4683662,0.958891926088708,0.264037425238979,FALSE,FALSE,0.0182303381350892,0.578334510922558,31.7237402091516
0,750,Trait_null_sim_750,V:4762503,0.884145048275883,0.704335077545094,FALSE,FALSE,0.0534764810295343,0.152220682181398,2.84649773602958
0,751,Trait_null_sim_751,V:4819934,0.629365130524876,0.822634833036948,FALSE,FALSE,0.201097322497053,0.084792904995273,0.421651088847867
0,752,Trait_null_sim_752,V:4832755,0.272898997308048,0.921367030073169,FALSE,FALSE,0.563998060022233,0.0355673324713095,0.0630628631415992
0,753,Trait_null_sim_753,V:4950603,0.878524866936118,0.620439786067403,FALSE,FALSE,0.0562459411461548,0.207300360575536,3.68560568729515
0,754,Trait_null_sim_754,V:4962941,0.698515189264781,0.774848455332319,FALSE,FALSE,0.155824145681287,0.110783228395055,0.71095033385676
0,755,Trait_null_sim_755,V:5032259,0.509362812286241,0.661527530026941,FALSE,FALSE,0.292972765317483,0.179452077568693,0.612521363117926
0,756,Trait_null_sim_756,V:5187364,0.858561245292293,0.360742598331387,FALSE,FALSE,0.0662287190892457,0.442802570939423,6.68596006428466
0,757,Trait_null_sim_757,V:5217327,0.0366532575673165,0.66594279570436,TRUE,FALSE,1.43588742127823,0.176563074999267,0.122964427700111
0,758,Trait_null_sim_758,V:5749555,0.717230711382986,0.822408002789795,FALSE,FALSE,0.144341122486039,0.0849126722416286,0.588277760205457
0,759,Trait_null_sim_759,V:6185909,0.654860451682006,0.608264831418436,FALSE,FALSE,0.183851236682051,0.215907292796394,1.17435866460762
0,760,Trait_null_sim_760,V:6243273,0.00566701291307649,0.564944324447168,TRUE,FALSE,2.24664579775704,0.247994350015584,0.110384267187632
0,761,Trait_null_sim_761,V:6395747,0.91402062411255,0.633766734082726,FALSE,FALSE,0.0390440046630823,0.198070560323159,5.07300831542118
0,762,Trait_null_sim_762,V:6564244,0.272033939720218,0.716916441229749,FALSE,FALSE,0.565376908783161,0.144531459712333,0.255637358843328
0,763,Trait_null_sim_763,V:6732665,0.86025334215183,0.859850749641192,FALSE,FALSE,0.065373631435567,0.0655769257708955,1.00310972988442
0,764,Trait_null_sim_764,V:6883050,0.677839107716554,0.348384752623625,FALSE,FALSE,0.168873378290705,0.457940860542465,2.71174098118739
0,765,Trait_null_sim_765,V:7025292,0.335388901482452,0.315993522806754,FALSE,FALSE,0.47445131294245,0.500321819400948,1.05452721017475
0,766,Trait_null_sim_766,V:7078872,0.736896154456705,0.63285847183093,FALSE,FALSE,0.132593709866937,0.198693401791722,1.49851302894472
0,767,Trait_null_sim_767,V:7397249,0.415355915068828,0.347522363993138,FALSE,FALSE,0.38157960038242,0.459017242163675,1.20293967943686
0,768,Trait_null_sim_768,V:7424465,0.0462970597413606,0.789282808650409,TRUE,FALSE,1.33444658951444,0.10276735644913,0.0770112174264862
0,769,Trait_null_sim_769,V:7630066,0.743772965877429,0.452499061330056,FALSE,FALSE,0.128559611112332,0.344382317363971,2.67877535086084
0,770,Trait_null_sim_770,V:7863029,0.938380760224014,0.890473226415404,FALSE,FALSE,0.0276209052128627,0.0503791338030411,1.82394941131691
0,771,Trait_null_sim_771,V:7953797,0.851102081248827,0.657300961188149,FALSE,FALSE,0.0700183474779339,0.182235732639145,2.60268542750993
0,772,Trait_null_sim_772,V:8362764,0.637738427908505,0.740559618470245,FALSE,FALSE,0.195357413143224,0.130439973023384,0.66769912093253
0,773,Trait_null_sim_773,V:8743302,0.574045904811999,0.242417028769685,FALSE,FALSE,0.241053376923626,0.615436876085989,2.55311451737505
0,774,Trait_null_sim_774,V:9255719,0.926496968397827,0.589788074841701,FALSE,FALSE,0.0331559974030966,0.229304012867306,6.91591358509064
0,775,Trait_null_sim_775,V:9280553,0.677476997082758,0.108701635736053,FALSE,FALSE,0.169105446150418,0.963763920625787,5.69918913060036
0,776,Trait_null_sim_776,V:9574542,0.310132952951244,0.074138855946599,FALSE,FALSE,0.508452085666759,1.12995411995081,2.22234140011255
0,777,Trait_null_sim_777,V:10278286,0.552541906189885,0.316093001735068,FALSE,FALSE,0.257634778390627,0.500185119286924,1.94145030578341
0,778,Trait_null_sim_778,V:10388536,0.951085697570546,0.329836489313669,FALSE,FALSE,0.0217803491980359,0.481701300689766,22.1163258821032
0,779,Trait_null_sim_779,V:10475791,0.606927553201982,0.507896686566323,FALSE,FALSE,0.216863146029132,0.294224620427272,1.35672946655375
0,780,Trait_null_sim_780,V:10959030,0.0104473576803789,0.795259066270558,TRUE,FALSE,1.98099353634103,0.0994913710620571,0.0502229660202835
0,781,Trait_null_sim_781,V:11847307,0.830947253443775,0.346588511570682,FALSE,FALSE,0.0804265433222076,0.4601858370178,5.72181543566019
0,782,Trait_null_sim_782,V:12372498,0.49959869208247,0.00766500689647637,FALSE,TRUE,0.301378707251685,2.11548745005941,7.01936599752131
0,783,Trait_null_sim_783,V:12551360,0.275965286168302,0.451895068569898,FALSE,FALSE,0.559145544651171,0.344962398001763,0.616945625878092
0,784,Trait_null_sim_784,V:12754336,0.658901876990677,0.921261419277546,FALSE,FALSE,0.181179255291237,0.035617115905224,0.196584955865787
0,785,Trait_null_sim_785,V:12917127,0.237889408375903,0.898305835176181,FALSE,FALSE,0.623624893760545,0.0465757792384954,0.0746855677258761
0,786,Trait_null_sim_786,V:13337499,0.988147804950249,0.160896613696063,FALSE,FALSE,0.00517808975114935,0.793453096165668,153.232781642989
0,787,Trait_null_sim_787,V:13370219,0.869547388704399,0.5855644587993,FALSE,FALSE,0.0607067447802898,0.232425290924671,3.82865679531765
0,788,Trait_null_sim_788,V:13504014,0.570135870267068,0.395826202436639,FALSE,FALSE,0.244021634370388,0.402495460263552,1.64942531141573
0,789,Trait_null_sim_789,V:13876313,0.9023361374506,0.459666358405311,FALSE,FALSE,0.0446316493251111,0.337557279790188,7.56318184280652
0,790,Trait_null_sim_790,V:13899269,0.681811843544496,0.450273404554673,FALSE,FALSE,0.166335459045311,0.346523703928142,2.0832822172556
0,791,Trait_null_sim_791,V:13924301,0.989423181605267,0.799956447734702,FALSE,FALSE,0.00461791858745452,0.0969336567872663,20.9907677997195
0,792,Trait_null_sim_792,V:14154181,0.00133078427884583,0.938584836971067,TRUE,FALSE,2.87589233828926,0.0275264661825342,0.00957145224668195
0,793,Trait_null_sim_793,V:14545176,0.470735707149362,0.725077874561799,FALSE,FALSE,0.327222857504388,0.139615346979052,0.42666746462594
0,794,Trait_null_sim_794,V:14616450,0.96453570019869,0.433268056246074,FALSE,FALSE,0.015681693253524,0.363243329215011,23.1635272634467
0,795,Trait_null_sim_795,V:14784592,0.46434908287983,0.740387709146301,FALSE,FALSE,0.333155407875445,0.130540799392722,0.391831548601264
0,796,Trait_null_sim_796,V:14824070,0.964975874252023,0.372076506932993,FALSE,FALSE,0.0154835444906066,0.429367750648891,27.7305852616224
0,797,Trait_null_sim_797,V:15400200,0.790748772377163,0.200084245034195,FALSE,FALSE,0.101961473645863,0.698787107086384,6.85344260042219
0,798,Trait_null_sim_798,V:15618179,0.30906749998622,0.588004531607475,FALSE,FALSE,0.509946660801238,0.230619326909343,0.452242057133955
0,799,Trait_null_sim_799,V:15626461,0.305559306630825,0.0641940596567749,FALSE,FALSE,0.514904484135745,1.19250515849884,2.3159735353644
0,800,Trait_null_sim_800,V:15792811,0.00391422940959616,0.17139523517758,TRUE,FALSE,2.40735372430858,0.766001255719985,0.318192232402403
0,801,Trait_null_sim_801,V:15872953,0.498545335237287,0.856310599769039,FALSE,FALSE,0.302295342972868,0.067368680067075,0.222857154875593
0,802,Trait_null_sim_802,V:16166489,0.208238723869572,0.984706410830497,FALSE,FALSE,0.681438506338031,0.00669323464146178,0.00982221371291507
0,803,Trait_null_sim_803,V:16201055,0.817882233072371,0.596564483605332,FALSE,FALSE,0.0873092259238695,0.224342605873994,2.56951775141853
0,804,Trait_null_sim_804,V:16340481,0.00312872158637299,0.410411103554516,TRUE,FALSE,2.50463308143085,0.386780898024838,0.154426171598707
0,805,Trait_null_sim_805,V:16367745,0.850513367190169,0.955783628708294,FALSE,FALSE,0.0703188563591033,0.0196404126335355,0.279305063399156
0,806,Trait_null_sim_806,V:16379173,0.911053736361095,0.287906674872188,FALSE,FALSE,0.040456006433328,0.540748266255803,13.366328363304
0,807,Trait_null_sim_807,V:16385942,0.01398777522023,0.250164253488236,TRUE,FALSE,1.85425135530175,0.601774747487999,0.324537849611047
0,808,Trait_null_sim_808,V:16431436,0.412213936016294,0.578997477756629,FALSE,FALSE,0.384877329799244,0.237323328152985,0.616620699059557
0,809,Trait_null_sim_809,V:16537507,0.464670450201747,0.235825536924109,FALSE,FALSE,0.332854944741636,0.627409168092835,1.88493269517097
0,810,Trait_null_sim_810,V:16625100,0.490286964790145,0.896398320247537,FALSE,FALSE,0.309549653143717,0.0474989659565985,0.153445385818429
0,811,Trait_null_sim_811,V:16649162,0.030538314340619,0.191520913178559,TRUE,FALSE,1.51515493888312,0.717783796201117,0.473736235008561
0,812,Trait_null_sim_812,V:16672886,0.502923089771402,0.903860098269975,FALSE,FALSE,0.298498424967437,0.043898785510584,0.147065384064834
0,813,Trait_null_sim_813,V:16704203,0.180176705043771,0.981818715768434,FALSE,FALSE,0.744301359444198,0.00796869348540168,0.0107062729152507
0,814,Trait_null_sim_814,V:16813641,0.324387898809514,0.695083163059589,FALSE,FALSE,0.488935355380359,0.157963231241295,0.323075902576957
0,815,Trait_null_sim_815,V:16881670,0.811886330088691,0.193957242291169,FALSE,FALSE,0.0905047708461288,0.712293999367,7.87023703510617
0,816,Trait_null_sim_816,V:16889978,0.995975736226019,0.0661170584111862,FALSE,FALSE,0.00175124164809516,1.17968647670083,673.628609726128
0,817,Trait_null_sim_817,V:16898203,0.995352922313263,0.878635485542126,FALSE,FALSE,0.00202290414159904,0.0561912608203886,27.7775202812978
0,818,Trait_null_sim_818,V:16951100,0.548766459483582,0.176742111271306,FALSE,FALSE,0.260612440497991,0.752659961450718,2.88804310343934
0,819,Trait_null_sim_819,V:17751331,0.946056680799034,0.950953543028851,FALSE,FALSE,0.0240828430687935,0.0218406991499022,0.906898703259971
0,820,Trait_null_sim_820,V:17801925,0.987848778614144,0.727742908739018,FALSE,FALSE,0.00530953278074363,0.13802201771398,25.9951343015626
0,821,Trait_null_sim_821,V:17889681,0.356906191806676,0.000667364507816256,FALSE,TRUE,0.447445917597305,3.17563689397943,7.09725302899615
0,822,Trait_null_sim_822,V:18005045,0.625589042917657,0.492435688532242,FALSE,FALSE,0.20371086647326,0.307650479763953,1.51023106960441
0,823,Trait_null_sim_823,V:18105334,0.575938463945433,0.429231369927896,FALSE,FALSE,0.239623916223641,0.367308545586024,1.53285428005114
0,824,Trait_null_sim_824,V:18105551,0.277887482935296,0.814023974395943,FALSE,FALSE,0.556131014987866,0.0893628042084174,0.160686604055642
0,825,Trait_null_sim_825,V:18332087,0.96253587989243,0.104044124834461,FALSE,FALSE,0.0165830725738914,0.982782438508701,59.2641945049439
0,826,Trait_null_sim_826,V:18365016,0.425834264010927,0.00988866150040491,FALSE,TRUE,0.370759396744141,2.00486248922467,5.40744889227505
0,827,Trait_null_sim_827,V:18478715,0.464612159619465,0.0894541143396478,FALSE,FALSE,0.332909428228141,1.0483996797594,3.14920393014805
0,828,Trait_null_sim_828,V:18492131,0.598134210717864,0.705518093032173,FALSE,FALSE,0.223201357091172,0.151491844272104,0.678722774119259
0,829,Trait_null_sim_829,V:18494819,0.0309057719938381,0.260377281940285,TRUE,FALSE,1.50996040371504,0.584396910881045,0.387027970695933
0,830,Trait_null_sim_830,V:18505995,0.61333267244164,0.813424572884789,FALSE,FALSE,0.212303899680403,0.0896827120555122,0.422426117421857
0,831,Trait_null_sim_831,V:18523506,0.15577166521402,0.382373324125368,FALSE,FALSE,0.807511537422915,0.417512413438975,0.517035849136497
0,832,Trait_null_sim_832,V:18543303,0.475522514791562,0.725063319362334,FALSE,FALSE,0.322828915491552,0.139624065085727,0.432501731987453
0,833,Trait_null_sim_833,V:18862088,0.948937394645355,0.650296223448435,FALSE,FALSE,0.0227624388444999,0.186888768120762,8.21040176746791
0,834,Trait_null_sim_834,V:18926677,0.626351998830819,0.670269392654675,FALSE,FALSE,0.203181532306567,0.173750611882828,0.85514962856303
0,835,Trait_null_sim_835,V:18942349,0.964306747086828,0.57553877646778,FALSE,FALSE,0.0157847945448742,0.239925410802796,15.1997804039018
0,836,Trait_null_sim_836,V:18944398,0.681978652445938,0.343437433502761,FALSE,FALSE,0.166229219581107,0.464152369985621,2.79224297121332
0,837,Trait_null_sim_837,V:18981227,0.87086208447747,0.138058775645714,FALSE,FALSE,0.0600506173148558,0.859935982408441,14.3201855511268
0,838,Trait_null_sim_838,V:19004280,0.489977274036754,0.472586560528184,FALSE,FALSE,0.309824062806829,0.325518633045251,1.05065639542726
0,839,Trait_null_sim_839,V:19021483,0.864002747873361,0.961074746294178,FALSE,FALSE,0.0634848762892318,0.0172428343494244,0.27160538631071
0,840,Trait_null_sim_840,V:19128671,0.647432684062004,0.415792936797619,FALSE,FALSE,0.188805380080988,0.381122892435702,2.01860186543529
0,841,Trait_null_sim_841,V:19144083,0.894389974020556,0.646126073586483,FALSE,FALSE,0.0484730778073314,0.189682733211101,3.9131563703267
0,842,Trait_null_sim_842,V:19158865,0.461833818750308,0.525594525127334,FALSE,FALSE,0.335514268129808,0.279349167267476,0.832599963109163
0,843,Trait_null_sim_843,V:19497266,0.656610057930823,0.47100340066015,FALSE,FALSE,0.182692469047434,0.326975957239244,1.78976155363223
0,844,Trait_null_sim_844,V:19507912,0.0469490725804461,0.629625357618597,TRUE,FALSE,1.32837298225139,0.200917789460833,0.151251035774838
0,845,Trait_null_sim_845,V:19529501,0.00338730654597488,0.490797598689302,TRUE,FALSE,2.47014549860158,0.309097570799428,0.125133345778383
0,846,Trait_null_sim_846,V:19551023,0.343721780320821,0.192033219504694,FALSE,FALSE,0.463792947427954,0.71662363692326,1.54513698601374
0,847,Trait_null_sim_847,V:19726214,0.885400068906746,0.984158755201008,FALSE,FALSE,0.0528604485579633,0.00693483963108499,0.131191463944554
0,848,Trait_null_sim_848,V:19787609,0.955910274966878,0.943373193983323,FALSE,FALSE,0.0195828701878213,0.0253164684237098,1.29278640877956
0,849,Trait_null_sim_849,V:19822823,0.727831742698892,0.219156457616031,FALSE,FALSE,0.137969007586895,0.659245727995696,4.77821606117222
0,850,Trait_null_sim_850,V:19830911,0.529957308197795,0.0656791179780863,FALSE,FALSE,0.275759114476375,1.18257268810272,4.28842647811748
0,851,Trait_null_sim_851,V:19862147,0.962537107169856,0.130476493678595,FALSE,FALSE,0.0165825188288469,0.884467722695086,53.33735675647
0,852,Trait_null_sim_852,V:19890861,0.0663964973595886,0.489826123731546,FALSE,FALSE,1.17785483053448,0.309958056512424,0.263154718626721
0,853,Trait_null_sim_853,V:19918419,0.342465221750348,0.503958145912262,FALSE,FALSE,0.465383525686341,0.297605530526965,0.63948445551024
0,854,Trait_null_sim_854,V:20204906,0.582424159213677,0.167362293663925,FALSE,FALSE,0.23476061859273,0.776342380860382,3.30695320839653
0,855,Trait_null_sim_855,V:20204931,0.640294005789437,0.142425132574779,FALSE,FALSE,0.193620563871219,0.846413367613125,4.37150553995954
0,856,Trait_null_sim_856,V:20223689,0.751206375397368,0.720468677714062,FALSE,FALSE,0.124240734921728,0.142384895338036,1.14604035003285
0,857,Trait_null_sim_857,V:20272772,0.580982735646945,0.0198340548605877,FALSE,TRUE,0.235836772815635,1.70258848985134,7.21935120432785
0,858,Trait_null_sim_858,V:20393221,0.0886398833037314,0.190707257106852,FALSE,FALSE,1.05237082437308,0.719632780150153,0.683820535008517
0,859,Trait_null_sim_859,V:20428421,0.411527810796972,0.416865063406627,FALSE,FALSE,0.385600810105324,0.380004500665258,0.985486779868184
0,860,Trait_null_sim_860,V:20636831,0.941515622549515,0.949623727663227,FALSE,FALSE,0.0261724693480521,0.0224484424691485,0.85771205500788
0,861,Trait_null_sim_861,V:20681897,0.71634713491801,0.997512729438791,FALSE,FALSE,0.144876471762899,0.00108155349610099,0.00746534950044227
0,862,Trait_null_sim_862,V:20710445,0.574374742665737,0.928689399971591,FALSE,FALSE,0.24080466584457,0.0321295114457413,0.133425618366048
0,863,Trait_null_sim_863,V:20761107,0.716595409394499,0.918287798588199,FALSE,FALSE,0.14472597830921,0.0370211861730616,0.25580194105833
0,864,Trait_null_sim_864,V:20794593,0.127728383966046,0.225877267294164,FALSE,FALSE,0.893712582532465,0.646127475080033,0.722970099905203
0,865,Trait_null_sim_865,V:20867638,0.0092977474573642,0.63933671416112,TRUE,FALSE,2.03162225416957,0.194270355319372,0.0956232660479398
0,866,Trait_null_sim_866,X:348943,0.859002503546687,0.59786470458182,FALSE,FALSE,0.0660055704237904,0.223397084743107,3.38451865969464
0,867,Trait_null_sim_867,X:364370,0.715315197593287,0.0233096897708214,FALSE,TRUE,0.14550254783298,1.63246350647586,11.2194839938455
0,868,Trait_null_sim_868,X:576417,0.666774358646266,0.313296693896372,FALSE,FALSE,0.176021109672695,0.504044188042452,2.86354397480906
0,869,Trait_null_sim_869,X:717423,0.187652202283789,0.399301987172831,FALSE,FALSE,0.726646334346637,0.398698528483229,0.548683052040328
0,870,Trait_null_sim_870,X:761146,0.958041065668367,0.518772560505147,FALSE,FALSE,0.0186158748348907,0.285023003166898,15.3107498677792
0,871,Trait_null_sim_871,X:783676,0.92212433182604,0.963918793780675,FALSE,FALSE,0.0352105182244887,0.0159595520914381,0.453260925888284
0,872,Trait_null_sim_872,X:790476,0.747972423217073,0.273285999173798,FALSE,FALSE,0.126114413720337,0.563382617254705,4.46723416170355
0,873,Trait_null_sim_873,X:800319,0.943934283521913,0.928701405962821,FALSE,FALSE,0.0250582401269997,0.032123896972229,1.28196939647075
0,874,Trait_null_sim_874,X:945411,0.274790071793845,0.968707513443149,FALSE,FALSE,0.560998962453243,0.0138073317959049,0.0246120451551738
0,875,Trait_null_sim_875,X:954755,0.13603644971973,0.182262398843513,FALSE,FALSE,0.866344710812015,0.73930291806535,0.853358840700269
0,876,Trait_null_sim_876,X:1317258,0.936170006629878,0.316677309811514,FALSE,FALSE,0.0286452770771952,0.499383053068492,17.4333469256633
0,877,Trait_null_sim_877,X:1451635,0.0552721746060175,0.06794273823771,FALSE,FALSE,1.25749344837616,1.16785695411651,0.928718122249148
0,878,Trait_null_sim_878,X:1536392,0.0453393090890232,0.905420613673011,TRUE,FALSE,1.34352510223136,0.0431496221640158,0.0321167219669747
0,879,Trait_null_sim_879,X:1573660,0.994173780914508,0.596851254702944,FALSE,FALSE,0.00253769458094544,0.224133888821484,88.321853427287
0,880,Trait_null_sim_880,X:1626568,0.454355507579924,0.910391516888777,FALSE,FALSE,0.342604203174195,0.0407717977257595,0.11900553860114
0,881,Trait_null_sim_881,X:1785151,0.950417517686166,0.829261097143953,FALSE,FALSE,0.0220855675603509,0.0813087080555263,3.68153129111772
0,882,Trait_null_sim_882,X:1789103,0.890645245261057,0.845902215040106,FALSE,FALSE,0.050295246249382,0.0726798378155706,1.44506376318743
0,883,Trait_null_sim_883,X:1862138,0.942150765871543,0.870911231223046,FALSE,FALSE,0.0258795945034153,0.0600261087749436,2.31943776271387
0,884,Trait_null_sim_884,X:2107770,0.526478206760448,0.66214743133728,FALSE,FALSE,0.278619601457735,0.179045301364648,0.642615596418501
0,885,Trait_null_sim_885,X:2137733,0.934504634135896,0.637941712219259,FALSE,FALSE,0.0294185406472059,0.195219000303849,6.63591721441799
0,886,Trait_null_sim_886,X:2176466,0.816987470209946,0.755096220605124,FALSE,FALSE,0.087784604006639,0.121997703449956,1.38973917841823
0,887,Trait_null_sim_887,X:2353458,0.268175671649183,0.263971582313019,FALSE,FALSE,0.571580623008459,0.578442824300383,1.01200565767224
0,888,Trait_null_sim_888,X:2368724,0.944646779505438,0.666114470106578,FALSE,FALSE,0.0247305516896205,0.176451131995173,7.13494523736121
0,889,Trait_null_sim_889,X:2560968,0.150576696586164,0.0551690307168332,FALSE,FALSE,0.822242234822777,1.25830464624035,1.53033326792264
0,890,Trait_null_sim_890,X:2611687,0.337064958124241,0.773745734239849,FALSE,FALSE,0.47228639516316,0.111401732286787,0.235877496001766
0,891,Trait_null_sim_891,X:2623324,0.119554690012622,0.0244968311037968,FALSE,TRUE,0.922433382269665,1.61089009209038,1.74634843345191
0,892,Trait_null_sim_892,X:2642933,0.986164995675687,0.785508392750964,FALSE,FALSE,0.00605041698911584,0.104849170387267,17.3292469884112
0,893,Trait_null_sim_893,X:2780556,0.218316921693096,0.581110845320052,FALSE,FALSE,0.660912600923389,0.235741019211544,0.356690156735067
0,894,Trait_null_sim_894,X:2890373,0.45512411132008,0.851670739264208,FALSE,FALSE,0.341870156064948,0.0697282734946331,0.203961276694144
0,895,Trait_null_sim_895,X:2933223,0.69304379401317,0.589055511678271,FALSE,FALSE,0.159239321091919,0.229843776045583,1.4433858074094
0,896,Trait_null_sim_896,X:2934743,0.315323844677246,0.246072183138142,FALSE,FALSE,0.501243186815695,0.608937477692589,1.21485437350492
0,897,Trait_null_sim_897,X:2958575,0.663084805182519,0.096548126345264,FALSE,FALSE,0.178430923982116,1.01525614990953,5.68991140802077
0,898,Trait_null_sim_898,X:2966947,0.454010490326347,0.283729537309867,FALSE,FALSE,0.342934112256967,0.547095450164857,1.59533691928235
0,899,Trait_null_sim_899,X:2978497,0.238052560090159,0.13492076360361,FALSE,FALSE,0.623327143628451,0.869921209523337,1.39560938171156
0,900,Trait_null_sim_900,X:3004238,0.932363386869808,0.687869266068156,FALSE,FALSE,0.0304147891975901,0.162494094352095,5.34260136726413
0,901,Trait_null_sim_901,X:3060119,0.600958760153042,0.459803965198623,FALSE,FALSE,0.221155329748484,0.337427287837387,1.52574793572073
0,902,Trait_null_sim_902,X:3382074,0.00172941173553495,0.919947998364943,TRUE,FALSE,2.7621015982916,0.0362367211994918,0.0131192571706648
0,903,Trait_null_sim_903,X:3434671,0.481137307132067,0.0194156647375017,FALSE,TRUE,0.317730966827601,1.71184773584743,5.38772708540011
0,904,Trait_null_sim_904,X:3506938,0.899320574359299,0.17257796248862,FALSE,FALSE,0.0460854708270588,0.763014662738048,16.5565122596089
0,905,Trait_null_sim_905,X:3572913,0.844606994821471,0.0769715470950324,FALSE,FALSE,0.0733453261791819,1.11366978422026,15.1839229878068
0,906,Trait_null_sim_906,X:3893981,0.530849304597483,0.417116774847992,FALSE,FALSE,0.275028747223963,0.379742344133014,1.38073691556243
0,907,Trait_null_sim_907,X:3925898,0.9731768237326,0.208609789752119,FALSE,FALSE,0.0118082423685261,0.680665314626835,57.6432371036937
0,908,Trait_null_sim_908,X:3945579,0.358641070453278,0.70937197311936,FALSE,FALSE,0.445339977880671,0.149125974251525,0.334858718413741
0,909,Trait_null_sim_909,X:3997253,0.717128153002463,0.884923598120011,FALSE,FALSE,0.14440322763966,0.0530942234798238,0.367680309835689
0,910,Trait_null_sim_910,X:4006118,0.356471148159378,0.334664684086169,FALSE,FALSE,0.447975615047016,0.475390114698473,1.06119641054252
0,911,Trait_null_sim_911,X:4684352,0.921460441538151,0.0342042791075984,FALSE,TRUE,0.035523304384635,1.46591955837176,41.2664188696876
0,912,Trait_null_sim_912,X:4749159,0.72164683198532,0.806542632180325,FALSE,FALSE,0.141675290581371,0.0933726717575645,0.659061092265318
0,913,Trait_null_sim_913,X:4968683,0.0651538683528194,0.405625775745354,FALSE,FALSE,1.18605979400497,0.391874455281492,0.330400252383775
0,914,Trait_null_sim_914,X:5155937,0.272980210185977,0.316140575718793,FALSE,FALSE,0.563868836177396,0.500119760155775,0.886943430933705
0,915,Trait_null_sim_915,X:5242445,0.317998661049453,0.925233339845781,FALSE,FALSE,0.497574708632103,0.0337487262579104,0.0678264503247966
0,916,Trait_null_sim_916,X:5470459,0.283187012716315,0.181805438659736,FALSE,FALSE,0.547926667772427,0.740393129119645,1.35126317565393
0,917,Trait_null_sim_917,X:5513074,0.931991215287826,0.735505292400179,FALSE,FALSE,0.0305881811760643,0.13341419791684,4.36162572560012
0,918,Trait_null_sim_918,X:5579044,0.567496912086516,0.458049732137061,FALSE,FALSE,0.246036497249263,0.339087366493624,1.37819945530313
0,919,Trait_null_sim_919,X:5612805,0.768742379696152,0.360947673958963,FALSE,FALSE,0.114219176221163,0.442555752548637,3.87461866903779
0,920,Trait_null_sim_920,X:5721887,0.89428714235876,0.144556989634518,FALSE,FALSE,0.0485230132852587,0.839960904433912,17.3105676577817
0,921,Trait_null_sim_921,X:6045830,0.66008594258526,0.865182765823416,FALSE,FALSE,0.18039951603293,0.0628921401602887,0.34862698938066
0,922,Trait_null_sim_922,X:6375859,0.603310940983779,0.440901121372117,FALSE,FALSE,0.21945879872504,0.355658796603246,1.62061762239413
0,923,Trait_null_sim_923,X:6687974,0.211450204365061,0.0607975140269569,FALSE,FALSE,0.674791890774467,1.2161141783991,1.80220627281598
0,924,Trait_null_sim_924,X:6877272,0.633772621360352,0.219613742410233,FALSE,FALSE,0.198066526030771,0.658340487235627,3.32383518017249
0,925,Trait_null_sim_925,X:7548793,0.961506465403805,0.159070663401638,FALSE,FALSE,0.0170477911137431,0.798409907704568,46.8336280270895
0,926,Trait_null_sim_926,X:7740168,0.988902750375454,0.938495801805334,FALSE,FALSE,0.00484641522987091,0.0275676657776966,5.68825915034748
0,927,Trait_null_sim_927,X:7851293,0.932165160804976,0.574188078155362,FALSE,FALSE,0.0305071326337445,0.240945828985265,7.89801624026609
0,928,Trait_null_sim_928,X:7889015,0.78572373318793,0.698399479746771,FALSE,FALSE,0.104730128569644,0.155896092817937,1.48855057228608
0,929,Trait_null_sim_929,X:8096449,0.860785849854402,0.973381690845851,FALSE,FALSE,0.0651048808280826,0.0117168270255294,0.17996848894431
0,930,Trait_null_sim_930,X:8129640,0.969616461120279,0.443958793482146,FALSE,FALSE,0.013400020123933,0.352657337529083,26.3176722323888
0,931,Trait_null_sim_931,X:8177869,0.325456568661225,0.921865598384498,FALSE,FALSE,0.487506958706412,0.0353323914569201,0.0724756658872598
0,932,Trait_null_sim_932,X:8397590,0.750528482489773,0.51203125098993,FALSE,FALSE,0.124632821670651,0.290703531761873,2.33247974221488
0,933,Trait_null_sim_933,X:8405525,0.0837840724379352,0.939558629964621,FALSE,FALSE,1.07683853399224,0.0270761140460137,0.0251440798144848
0,934,Trait_null_sim_934,X:8915854,0.0151548564040384,0.504746754468769,TRUE,FALSE,1.81944817432303,0.296926464897124,0.163195890428483
0,935,Trait_null_sim_935,X:9111140,0.812378983050899,0.936471286605885,FALSE,FALSE,0.0902413206969313,0.0285055341027246,0.315881171536244
0,936,Trait_null_sim_936,X:9516816,0.00969551825409445,0.490862524465376,TRUE,FALSE,2.01342897164171,0.30904012340871,0.153489458908861
0,937,Trait_null_sim_937,X:9720984,0.735645038758109,0.968544187392969,FALSE,FALSE,0.133331689595274,0.0138805608992595,0.104105490160619
0,938,Trait_null_sim_938,X:9820780,0.863744030651942,0.18085872505564,FALSE,FALSE,0.0636149410231059,0.742660534996826,11.6743098877837
0,939,Trait_null_sim_939,X:9906154,0.851037835913768,0.0296699328417498,FALSE,TRUE,0.0700511313804043,1.52768343671283,21.8081193923469
0,940,Trait_null_sim_940,X:9954660,0.708945409466676,0.991070045446738,FALSE,FALSE,0.149387205268506,0.00389564997893019,0.026077534363992
0,941,Trait_null_sim_941,X:9980487,0.662741210588548,0.724243841063747,FALSE,FALSE,0.17865602326021,0.14011518932876,0.78427352614182
0,942,Trait_null_sim_942,X:10279010,0.383044115136368,0.705026130878368,FALSE,FALSE,0.41675120551706,0.151794786149068,0.364233586224993
0,943,Trait_null_sim_943,X:10659673,0.970429785521629,0.646645331678073,FALSE,FALSE,0.0130358820825762,0.1893338533781,14.5240538521872
0,944,Trait_null_sim_944,X:10701293,0.274143367200634,0.197533376989308,FALSE,FALSE,0.562022257250904,0.704359511594124,1.25325910585722
0,945,Trait_null_sim_945,X:10843150,0.563022863763818,0.983942982066876,FALSE,FALSE,0.249473968550353,0.00703006751498721,0.028179563406305
0,946,Trait_null_sim_946,X:10943291,0.531477175230243,0.163496644115935,FALSE,FALSE,0.274515381910972,0.786491157113108,2.86501671286375
0,947,Trait_null_sim_947,X:10969294,0.940778757991755,0.411114805108591,FALSE,FALSE,0.0265124971683558,0.386036883080538,14.5605629160159
0,948,Trait_null_sim_948,X:11052383,0.748812197262491,0.369965538826022,FALSE,FALSE,0.125627090070363,0.431838727270058,3.43746501672678
0,949,Trait_null_sim_949,X:11118003,0.841938533801452,0.469930423730957,FALSE,FALSE,0.0747196132571796,0.327966437439789,4.38929516820372
0,950,Trait_null_sim_950,X:11508405,0.70255911988951,0.502905984785252,FALSE,FALSE,0.153317124289119,0.298513196067789,1.94703101464951
0,951,Trait_null_sim_951,X:11657795,0.700649257846742,0.610113169371684,FALSE,FALSE,0.154499333676853,0.214589600603867,1.38893544390746
0,952,Trait_null_sim_952,X:11767060,0.8212256766854,0.173720256345397,FALSE,FALSE,0.085537480309176,0.760149538454932,8.88674222934046
0,953,Trait_null_sim_953,X:11770372,0.99989616961405,0.552325488026275,FALSE,FALSE,4.50953048438273e-05,0.257804915034958,5716.89039308594
0,954,Trait_null_sim_954,X:11992240,0.725296226748067,0.954264781414133,FALSE,FALSE,0.139484581888531,0.0203311041722887,0.14575879209744
0,955,Trait_null_sim_955,X:12158005,0.858405009494946,0.498273717368657,FALSE,FALSE,0.0663077565713879,0.302532020119324,4.56254344533001
0,956,Trait_null_sim_956,X:12388276,0.980275336250208,0.701242353449094,FALSE,FALSE,0.0086519240836505,0.154131861383511,17.8147496317927
0,957,Trait_null_sim_957,X:12391329,0.156159362850501,0.161206259452459,FALSE,FALSE,0.806431971648926,0.792618099051492,0.982870380784645
0,958,Trait_null_sim_958,X:12393734,0.801651379352545,0.563059133417223,FALSE,FALSE,0.0960144558303562,0.249445992416502,2.5980045427455
0,959,Trait_null_sim_959,X:12422945,0.762419175198652,0.895534572746017,FALSE,FALSE,0.11780618952314,0.0479176432454489,0.406749793363249
0,960,Trait_null_sim_960,X:12566058,0.663525264504308,0.540078788031184,FALSE,FALSE,0.178142536211881,0.267542879600705,1.50184725832404
0,961,Trait_null_sim_961,X:12674215,0.445939648316719,0.388970602077692,FALSE,FALSE,0.350723912984154,0.410083220879681,1.16924796313563
0,962,Trait_null_sim_962,X:13150428,0.150722997377895,0.067079722213824,FALSE,FALSE,0.821820477796049,1.17340874453425,1.42781638598381
0,963,Trait_null_sim_963,X:13269453,0.994213187338428,0.498530729233952,FALSE,FALSE,0.00252048063543527,0.302308066789792,119.940642486859
0,964,Trait_null_sim_964,X:13286183,0.969728657830147,0.424826206571884,FALSE,FALSE,0.013349769746564,0.371788700451762,27.8498211961637
0,965,Trait_null_sim_965,X:13309528,0.21772233046549,0.9580087910519,FALSE,FALSE,0.66209702571044,0.0186305056523399,0.0281386336577318
0,966,Trait_null_sim_966,X:13347083,0.911002992383247,0.943178613451847,FALSE,FALSE,0.0404801964919881,0.0254060554163095,0.627616899570581
0,967,Trait_null_sim_967,X:13347202,0.73142933031333,0.738525148314552,FALSE,FALSE,0.135827628441738,0.131634711471487,0.969130603115482
0,968,Trait_null_sim_968,X:13700430,0.915359397581678,0.584062943641993,FALSE,FALSE,0.038408355397144,0.233540347059946,6.0804568340698
0,969,Trait_null_sim_969,X:14098086,0.88339304160456,0.167197369708242,FALSE,FALSE,0.0538460259567812,0.776770559015312,14.4257732156274
0,970,Trait_null_sim_970,X:14123918,0.897087493320878,0.220653613147339,FALSE,FALSE,0.0471651979665807,0.656288956695809,13.9146867815721
0,971,Trait_null_sim_971,X:14161955,0.765489699038033,0.205990225290273,FALSE,FALSE,0.116060649095101,0.686153387413444,5.91202438348597
0,972,Trait_null_sim_972,X:14298666,0.404384391278909,0.737711308228154,FALSE,FALSE,0.393205615969918,0.1321135592779,0.335991028388586
0,973,Trait_null_sim_973,X:14315119,0.266320355963292,0.239431896778705,FALSE,FALSE,0.574595637373806,0.620817993978775,1.08044327801761
0,974,Trait_null_sim_974,X:14327369,0.647398367880669,0.738841045050375,FALSE,FALSE,0.188828399807268,0.131448986074593,0.696129322754202
0,975,Trait_null_sim_975,X:14366775,0.33492308337081,0.808552349072524,FALSE,FALSE,0.475054919240991,0.0922918567998347,0.194276183787955
0,976,Trait_null_sim_976,X:14405404,0.589479751515395,0.773046457364861,FALSE,FALSE,0.229531108221414,0.111794405731181,0.487055574285555
0,977,Trait_null_sim_977,X:14406763,0.369054115504735,0.826623073487668,FALSE,FALSE,0.432909947277475,0.0826924764454093,0.191015422411644
0,978,Trait_null_sim_978,X:14449845,0.953220766166073,0.283155689789272,FALSE,FALSE,0.0208065050025659,0.547974707146203,26.3367012902275
0,979,Trait_null_sim_979,X:14524643,0.536714917185417,0.870715880860362,FALSE,FALSE,0.27025633398205,0.0601235344343386,0.222468548834574
0,980,Trait_null_sim_980,X:14682942,0.551622798333476,0.670928254842428,FALSE,FALSE,0.258357792920741,0.17332391826906,0.670867777238801
0,981,Trait_null_sim_981,X:14872912,0.965766353056501,0.245961591287277,FALSE,FALSE,0.0151279293316569,0.609132705881706,40.265438350973
0,982,Trait_null_sim_982,X:14974836,0.984488212915678,0.0849081656428194,FALSE,FALSE,0.00678947921740552,1.07105054152179,157.751501584399
0,983,Trait_null_sim_983,X:15136479,0.171533441800033,0.335680332505625,FALSE,FALSE,0.765651198225392,0.474074103299195,0.619177641722488
0,984,Trait_null_sim_984,X:15195507,0.439299788945316,0.981921008163738,FALSE,FALSE,0.357239005384592,0.00792344815851851,0.0221796837385895
0,985,Trait_null_sim_985,X:15205139,0.0344528618919642,0.241186490928617,TRUE,FALSE,1.46277469676755,0.617647021073594,0.422243440796778
0,986,Trait_null_sim_986,X:15260762,0.835125088088002,0.638856157921723,FALSE,FALSE,0.0782484694293746,0.194596914694574,2.48691017362599
0,987,Trait_null_sim_987,X:15304367,0.628566127895851,0.352719967812581,FALSE,FALSE,0.201649025902393,0.452569953813223,2.24434485506658
0,988,Trait_null_sim_988,X:15329163,0.612754220978823,0.523139746508177,FALSE,FALSE,0.212713688412894,0.281382282393869,1.32282169752839
0,989,Trait_null_sim_989,X:15378789,0.964737999483634,0.382711361970258,FALSE,FALSE,0.0155906149752259,0.41712864420942,26.7551116407053
0,990,Trait_null_sim_990,X:15405202,0.369825105519879,0.519375037379383,FALSE,FALSE,0.432003610162623,0.284518927615671,0.658603124887237
0,991,Trait_null_sim_991,X:15579338,0.593710373180948,0.556523544725699,FALSE,FALSE,0.22642536310714,0.254516457334403,1.12406337276787
0,992,Trait_null_sim_992,X:15607777,0.187147220622758,0.742839079449908,FALSE,FALSE,0.727816618334023,0.129105256866816,0.177387069235021
0,993,Trait_null_sim_993,X:15705542,0.643673081358635,0.940140346373882,FALSE,FALSE,0.191334652843774,0.0268073090534907,0.140106920806338
0,994,Trait_null_sim_994,X:15708978,0.129989621755593,0.0240644550500483,FALSE,TRUE,0.886091319956232,1.61862396866091,1.8267010771992
0,995,Trait_null_sim_995,X:15942475,0.554409536653945,0.0980935202339316,FALSE,FALSE,0.256169307832465,1.00835967987379,3.93630169205618
0,996,Trait_null_sim_996,X:15975896,0.303299812377362,0.111414653484803,FALSE,FALSE,0.518127858345788,0.953057686100584,1.83942567601631
0,997,Trait_null_sim_997,X:16047687,0.35936263933806,0.560677457250888,FALSE,FALSE,0.444467075732121,0.251286904911595,0.565366747351709
0,998,Trait_null_sim_998,X:16277781,0.00692312319512384,0.875001047899213,TRUE,FALSE,2.15969794016576,0.0579914268673175,0.0268516378095292
0,999,Trait_null_sim_999,X:16680233,0.396472199380297,0.0542285971615931,FALSE,FALSE,0.401787259995868,1.26577163017379,3.15035282648536
0,1000,Trait_null_sim_1000,X:16794371,0.314677862077269,0.720776668702351,FALSE,FALSE,0.502133809091438,0.142199279767365,0.283190012687377
